method,id,"Alter correctness
distance [m]"
uniform,1.0,513.6
uniform,1.0,599.2
uniform,1.0,684.8000000000001
uniform,1.0,428.0
uniform,1.0,922.4000000000002
uniform,1.0,770.4000000000001
uniform,1.0,849.6000000000001
uniform,1.0,342.4
uniform,1.0,1014.4000000000001
uniform,1.0,1100.0
uniform,1.0,inf
uniform,1.0,1291.9999999999998
uniform,1.0,1377.5999999999997
uniform,1.0,1540.3199999999995
uniform,1.0,1206.3999999999999
uniform,1.0,1120.8
uniform,1.0,1035.2
uniform,1.0,1548.7899999999997
uniform,1.0,1548.7799999999997
uniform,1.0,1463.1899999999996
uniform,1.0,843.2
uniform,1.0,757.6000000000001
uniform,1.0,928.8000000000001
uniform,1.0,672.0000000000001
uniform,1.0,1014.4000000000001
uniform,1.0,1100.0
uniform,1.0,1185.6000000000001
uniform,1.0,1271.2
uniform,1.0,592.8000000000001
uniform,1.0,1356.8
uniform,1.0,1442.3999999999999
uniform,1.0,1356.7999999999997
uniform,1.0,1271.1999999999998
uniform,1.0,1527.9999999999998
uniform,1.0,1020.8000000000002
uniform,1.0,1185.6
uniform,1.0,1093.6000000000001
uniform,1.0,1613.5999999999997
uniform,1.0,941.6000000000001
uniform,1.0,856.0000000000001
uniform,1.0,1527.9999999999998
uniform,1.0,1613.5999999999997
uniform,1.0,1699.1999999999996
uniform,1.0,1442.3999999999999
uniform,1.0,1784.7999999999995
uniform,1.0,1870.3999999999994
uniform,1.0,1356.8
uniform,1.0,1955.9999999999993
uniform,1.0,2041.5999999999992
uniform,1.0,2127.189999999999
uniform,1.0,1784.7999999999995
uniform,1.0,1699.1999999999996
uniform,1.0,1870.3999999999994
uniform,1.0,1613.5999999999997
uniform,1.0,1784.7999999999995
uniform,1.0,1527.9999999999998
uniform,1.0,1442.3999999999999
uniform,1.0,1699.1999999999996
uniform,1.0,1356.8
uniform,1.0,1271.1999999999998
uniform,5.0,2041.5999999999992
uniform,5.0,1955.9999999999993
uniform,5.0,2127.1999999999994
uniform,5.0,1870.3999999999994
uniform,5.0,2212.7999999999993
uniform,5.0,1784.7999999999995
uniform,5.0,1699.1999999999996
uniform,5.0,2298.399999999999
uniform,5.0,1613.5999999999997
uniform,5.0,1527.9999999999998
uniform,5.0,inf
uniform,5.0,1882.7199999999991
uniform,5.0,1891.1899999999994
uniform,5.0,1548.7799999999997
uniform,5.0,1805.5899999999992
uniform,5.0,1463.1799999999996
uniform,5.0,1719.9999999999993
uniform,5.0,1719.9999999999993
uniform,5.0,1377.5999999999997
uniform,5.0,1634.3999999999994
uniform,5.0,1271.1999999999998
uniform,5.0,1185.6
uniform,5.0,1356.7999999999997
uniform,5.0,1100.0
uniform,5.0,1442.3999999999996
uniform,5.0,1527.9999999999998
uniform,5.0,1014.4000000000002
uniform,5.0,1613.5999999999997
uniform,5.0,1699.1999999999996
uniform,5.0,1784.7999999999995
uniform,5.0,2127.1999999999994
uniform,5.0,2212.7999999999993
uniform,5.0,2041.5999999999992
uniform,5.0,2127.1999999999994
uniform,5.0,1955.9999999999993
uniform,5.0,2041.5999999999992
uniform,5.0,1870.3999999999994
uniform,5.0,1955.9999999999993
uniform,5.0,1784.7999999999995
uniform,5.0,1699.1999999999996
uniform,5.0,1455.1999999999996
uniform,5.0,1369.5999999999997
uniform,5.0,1369.5999999999997
uniform,5.0,1283.9999999999998
uniform,5.0,1283.9999999999998
uniform,5.0,1198.3999999999999
uniform,5.0,1112.8
uniform,5.0,1198.3999999999999
uniform,5.0,1027.2
uniform,5.0,941.6000000000001
uniform,5.0,856.0000000000001
uniform,5.0,770.4000000000001
uniform,5.0,684.8000000000001
uniform,5.0,941.6000000000001
uniform,5.0,599.2
uniform,5.0,513.6
uniform,5.0,856.0000000000001
uniform,5.0,428.0
uniform,5.0,770.4000000000001
uniform,5.0,342.4
uniform,5.0,428.0
uniform,5.0,342.4
uniform,5.0,513.6
uniform,5.0,256.79999999999995
uniform,5.0,342.4
uniform,5.0,599.2
uniform,5.0,428.0
uniform,5.0,513.6
uniform,5.0,684.8000000000001
uniform,5.0,599.2
uniform,9.0,513.6
uniform,9.0,599.2
uniform,9.0,599.2
uniform,9.0,684.8000000000001
uniform,9.0,513.6
uniform,9.0,599.2
uniform,9.0,684.8000000000001
uniform,9.0,770.4000000000001
uniform,9.0,770.4000000000001
uniform,9.0,684.8000000000001
uniform,9.0,1112.8
uniform,9.0,1027.2
uniform,9.0,1198.3999999999999
uniform,9.0,941.6000000000001
uniform,9.0,1112.8
uniform,9.0,856.0000000000001
uniform,9.0,770.4000000000001
uniform,9.0,1027.2
uniform,9.0,684.8000000000001
uniform,9.0,599.2
uniform,9.0,513.6
uniform,9.0,599.2
uniform,9.0,428.0
uniform,9.0,684.8000000000001
uniform,9.0,342.4
uniform,9.0,770.4000000000001
uniform,9.0,856.0000000000001
uniform,9.0,428.0
uniform,9.0,941.6000000000001
uniform,9.0,513.6
uniform,10.0,inf
uniform,10.0,1625.9199999999994
uniform,10.0,1634.3899999999996
uniform,10.0,1634.3799999999997
uniform,10.0,1548.7899999999995
uniform,10.0,1548.7999999999997
uniform,10.0,1463.1999999999996
uniform,10.0,1463.1999999999996
uniform,10.0,1463.1999999999998
uniform,10.0,1377.5999999999997
uniform,10.0,1870.3999999999994
uniform,10.0,1784.7999999999995
uniform,10.0,1955.9999999999993
uniform,10.0,1699.1999999999996
uniform,10.0,1613.5999999999997
uniform,10.0,2041.5999999999992
uniform,10.0,1527.9999999999998
uniform,10.0,1613.5999999999997
uniform,10.0,2127.1999999999994
uniform,10.0,1699.1999999999996
uniform,3.0,171.2
uniform,3.0,256.79999999999995
uniform,3.0,428.0
uniform,3.0,342.4
uniform,3.0,342.4
uniform,3.0,428.0
uniform,3.0,428.0
uniform,3.0,513.6
uniform,3.0,599.2
uniform,3.0,678.4000000000001
uniform,3.0,1112.8
uniform,3.0,1027.2
uniform,3.0,1198.3999999999999
uniform,3.0,941.6000000000001
uniform,3.0,1283.9999999999998
uniform,3.0,1369.5999999999997
uniform,3.0,856.0000000000001
uniform,3.0,1455.1999999999996
uniform,3.0,1534.3899999999996
uniform,3.0,1613.5899999999995
uniform,3.0,1699.1999999999996
uniform,3.0,1784.7999999999995
uniform,3.0,1613.5999999999997
uniform,3.0,1699.1999999999996
uniform,3.0,1613.5999999999997
uniform,3.0,1527.9999999999998
uniform,3.0,1442.3999999999999
uniform,3.0,1527.9999999999998
uniform,3.0,1356.8
uniform,3.0,1271.2
uniform,3.0,1613.5999999999997
uniform,3.0,1527.9999999999995
uniform,3.0,1442.3999999999996
uniform,3.0,1699.1999999999996
uniform,3.0,1192.0
uniform,3.0,1356.7999999999997
uniform,3.0,1264.8
uniform,3.0,1784.7999999999995
uniform,3.0,1112.8
uniform,3.0,1027.2
uniform,6.0,2041.5999999999992
uniform,6.0,2127.1999999999994
uniform,6.0,1955.9999999999993
uniform,6.0,2212.7999999999993
uniform,6.0,1870.3999999999994
uniform,6.0,2127.1999999999994
uniform,6.0,1784.7999999999995
uniform,6.0,2041.5999999999992
uniform,6.0,1699.1999999999996
uniform,6.0,1613.5999999999997
uniform,6.0,770.4000000000001
uniform,6.0,684.8000000000001
uniform,6.0,856.0000000000001
uniform,6.0,941.6000000000001
uniform,6.0,770.4000000000001
uniform,6.0,856.0000000000001
uniform,6.0,770.4000000000001
uniform,6.0,856.0000000000001
uniform,6.0,856.0000000000001
uniform,6.0,941.6000000000001
uniform,6.0,428.0
uniform,6.0,513.6
uniform,6.0,599.2
uniform,6.0,342.4
uniform,6.0,684.8000000000001
uniform,6.0,256.79999999999995
uniform,6.0,770.4000000000001
uniform,6.0,856.0000000000001
uniform,6.0,342.4
uniform,6.0,941.6000000000001
uniform,17.0,inf
uniform,17.0,1540.3199999999995
uniform,17.0,1377.59
uniform,17.0,1891.1799999999994
uniform,17.0,1377.59
uniform,17.0,1291.9999999999998
uniform,17.0,1292.0
uniform,17.0,1805.5999999999995
uniform,17.0,1206.4
uniform,17.0,1719.9999999999995
uniform,17.0,864.0000000000001
uniform,17.0,778.4000000000001
uniform,17.0,864.0000000000001
uniform,17.0,949.6000000000001
uniform,17.0,949.6000000000001
uniform,17.0,1035.2000000000003
uniform,17.0,1035.2
uniform,17.0,1120.8
uniform,17.0,1120.8000000000002
uniform,17.0,1206.3999999999999
uniform,17.0,1527.9999999999998
uniform,17.0,1613.5999999999997
uniform,17.0,1442.3999999999999
uniform,17.0,1699.1999999999996
uniform,17.0,1613.5999999999997
uniform,17.0,1356.8
uniform,17.0,1271.2
uniform,17.0,1527.9999999999998
uniform,17.0,1185.6000000000001
uniform,17.0,1100.0000000000002
uniform,17.0,1198.3999999999999
uniform,17.0,1283.9999999999998
uniform,17.0,1283.9999999999998
uniform,17.0,1369.5999999999997
uniform,17.0,1455.1999999999996
uniform,17.0,1369.5999999999997
uniform,17.0,1540.7999999999995
uniform,17.0,1626.3999999999994
uniform,17.0,1711.9999999999993
uniform,17.0,1459.1999999999996
uniform,2.0,1527.9999999999998
uniform,2.0,1442.3999999999999
uniform,2.0,1442.3999999999999
uniform,2.0,1356.8
uniform,2.0,1271.2
uniform,2.0,1356.8
uniform,2.0,1271.2
uniform,2.0,1185.6000000000001
uniform,2.0,1185.6000000000001
uniform,2.0,1100.0000000000002
uniform,2.0,1206.3999999999999
uniform,2.0,1291.9999999999998
uniform,2.0,1377.5999999999997
uniform,2.0,1120.8
uniform,2.0,inf
uniform,2.0,1463.1999999999996
uniform,2.0,1035.2
uniform,2.0,1625.9199999999994
uniform,2.0,949.6000000000001
uniform,2.0,1634.3899999999996
uniform,2.0,428.0
uniform,2.0,513.6
uniform,2.0,599.2
uniform,2.0,513.6
uniform,2.0,684.8000000000001
uniform,2.0,428.0
uniform,2.0,770.4000000000001
uniform,2.0,856.0000000000001
uniform,2.0,513.6
uniform,2.0,941.6000000000001
uniform,2.0,1699.1999999999996
uniform,2.0,1613.5999999999997
uniform,2.0,1784.7999999999995
uniform,2.0,1527.9999999999998
uniform,2.0,1870.3999999999994
uniform,2.0,1442.3999999999999
uniform,2.0,1356.8
uniform,2.0,1955.9999999999993
uniform,2.0,1442.3999999999999
uniform,2.0,1527.9999999999998
uniform,4.0,1112.8
uniform,4.0,1198.3999999999999
uniform,4.0,1027.2
uniform,4.0,941.6000000000001
uniform,4.0,1283.9999999999998
uniform,4.0,856.0000000000001
uniform,4.0,770.4000000000001
uniform,4.0,1373.5999999999997
uniform,4.0,684.8000000000001
uniform,4.0,1459.1999999999996
uniform,7.0,513.6
uniform,7.0,599.2
uniform,7.0,684.8000000000001
uniform,7.0,428.0
uniform,7.0,770.4000000000001
uniform,7.0,856.0000000000001
uniform,7.0,342.4
uniform,7.0,1014.4000000000002
uniform,7.0,935.2000000000002
uniform,7.0,1100.0
uniform,7.0,684.8000000000001
uniform,7.0,770.4000000000001
uniform,7.0,599.2
uniform,7.0,856.0000000000001
uniform,7.0,684.8000000000001
uniform,7.0,770.4000000000001
uniform,7.0,856.0000000000001
uniform,7.0,941.6000000000001
uniform,7.0,770.4000000000001
uniform,7.0,684.8000000000001
uniform,7.0,1527.9999999999998
uniform,7.0,1613.5999999999997
uniform,7.0,1442.3999999999999
uniform,7.0,1527.9999999999998
uniform,7.0,1699.1999999999996
uniform,7.0,1442.3999999999999
uniform,7.0,1527.9999999999998
uniform,7.0,1784.7999999999995
uniform,7.0,1613.5999999999997
uniform,7.0,1699.1999999999996
uniform,7.0,1699.1999999999994
uniform,7.0,1613.5999999999995
uniform,7.0,1784.7999999999993
uniform,7.0,1527.9999999999995
uniform,7.0,1870.3999999999994
uniform,7.0,1955.9999999999993
uniform,7.0,1442.3999999999996
uniform,7.0,2041.5999999999992
uniform,7.0,2127.1999999999994
uniform,7.0,2041.5999999999992
uniform,12.0,1870.3999999999994
uniform,12.0,1784.7999999999993
uniform,12.0,1955.9999999999993
uniform,12.0,2041.5999999999992
uniform,12.0,1699.1999999999994
uniform,12.0,2127.1999999999994
uniform,12.0,2212.7999999999993
uniform,12.0,2127.1999999999994
uniform,12.0,1613.5999999999995
uniform,12.0,2041.5999999999992
uniform,12.0,1377.5999999999997
uniform,12.0,1463.1999999999996
uniform,12.0,1548.7999999999995
uniform,12.0,1291.9999999999998
uniform,12.0,inf
uniform,12.0,1634.3999999999994
uniform,12.0,1206.3999999999999
uniform,12.0,1797.1199999999992
uniform,12.0,1120.8
uniform,12.0,1805.5899999999995
uniform,14.0,949.6000000000001
uniform,14.0,864.0000000000001
uniform,14.0,949.6000000000001
uniform,14.0,1035.2000000000003
uniform,14.0,864.0000000000001
uniform,14.0,1120.8000000000002
uniform,14.0,949.6000000000001
uniform,14.0,1035.2
uniform,14.0,1206.4
uniform,14.0,1120.8
uniform,13.0,1870.3999999999992
uniform,13.0,1784.7999999999993
uniform,13.0,1955.9999999999993
uniform,13.0,1699.1999999999994
uniform,13.0,2041.5999999999992
uniform,13.0,2127.1999999999994
uniform,13.0,2212.7999999999993
uniform,13.0,1613.5999999999995
uniform,13.0,2127.1999999999994
uniform,13.0,2041.5999999999992
uniform,13.0,1699.1799999999996
uniform,13.0,1613.5999999999997
uniform,13.0,1784.7799999999995
uniform,13.0,1527.9999999999998
uniform,13.0,1699.1999999999994
uniform,13.0,1442.3999999999999
uniform,13.0,1356.8
uniform,13.0,1613.5999999999995
uniform,13.0,1271.2
uniform,13.0,1185.6000000000001
uniform,18.0,1369.5999999999997
uniform,18.0,1455.1999999999996
uniform,18.0,1283.9999999999998
uniform,18.0,1540.7999999999995
uniform,18.0,1626.3999999999994
uniform,18.0,1778.3999999999996
uniform,18.0,1198.3999999999999
uniform,18.0,1705.5999999999995
uniform,18.0,1870.3999999999992
uniform,18.0,1955.999999999999
uniform,15.0,1870.3999999999994
uniform,15.0,1784.7999999999995
uniform,15.0,1955.9999999999993
uniform,15.0,1870.3999999999994
uniform,15.0,1784.7999999999995
uniform,15.0,1699.1999999999996
uniform,15.0,1699.1999999999996
uniform,15.0,1613.5999999999995
uniform,15.0,1613.5999999999997
uniform,15.0,1527.9999999999998
uniform,11.0,599.2
uniform,11.0,684.8000000000001
uniform,11.0,513.6
uniform,11.0,770.4000000000001
uniform,11.0,428.0
uniform,11.0,856.0000000000001
uniform,11.0,941.6000000000001
uniform,11.0,513.6
uniform,11.0,1027.2
uniform,11.0,599.2
uniform,22.0,1185.6
uniform,22.0,1100.0
uniform,22.0,1271.1999999999998
uniform,22.0,1014.4000000000001
uniform,22.0,1356.7999999999997
uniform,22.0,928.8000000000001
uniform,22.0,843.2
uniform,22.0,1271.1999999999998
uniform,22.0,757.6
uniform,22.0,672.0
uniform,22.0,1283.9999999999998
uniform,22.0,1198.3999999999999
uniform,22.0,1369.5999999999997
uniform,22.0,1112.8
uniform,22.0,1027.2
uniform,22.0,1455.1999999999996
uniform,22.0,1112.8
uniform,22.0,1264.8
uniform,22.0,1192.0
uniform,22.0,1356.7999999999997
uniform,27.0,3068.799999999998
uniform,27.0,2983.199999999998
uniform,27.0,3154.389999999998
uniform,27.0,2897.599999999998
uniform,27.0,2811.999999999998
uniform,27.0,3068.789999999998
uniform,27.0,2726.3999999999987
uniform,27.0,2640.799999999999
uniform,27.0,2983.199999999998
uniform,27.0,2555.199999999999
uniform,16.0,1198.3999999999999
uniform,16.0,1283.9999999999998
uniform,16.0,1112.8
uniform,16.0,1369.5999999999997
uniform,16.0,1455.1999999999996
uniform,16.0,1198.3999999999999
uniform,16.0,1540.7999999999995
uniform,16.0,1626.3999999999994
uniform,16.0,1705.5999999999995
uniform,16.0,1283.9999999999998
uniform,19.0,1179.2
uniform,19.0,1271.1999999999998
uniform,19.0,1356.7999999999997
uniform,19.0,1442.3999999999996
uniform,19.0,1106.4
uniform,19.0,1027.2
uniform,19.0,1527.9999999999995
uniform,19.0,1613.5999999999995
uniform,19.0,941.6000000000001
uniform,19.0,1699.1999999999994
uniform,20.0,1613.5999999999995
uniform,20.0,1527.9999999999995
uniform,20.0,1699.1799999999996
uniform,20.0,1442.3999999999996
uniform,20.0,1784.7799999999995
uniform,20.0,1356.7999999999997
uniform,20.0,1271.1999999999998
uniform,20.0,1699.1999999999994
uniform,20.0,1185.6
uniform,20.0,1100.0
uniform,20.0,770.4000000000001
uniform,20.0,684.8000000000001
uniform,20.0,684.8000000000001
uniform,20.0,599.2
uniform,20.0,599.2
uniform,20.0,513.6
uniform,20.0,513.6
uniform,20.0,428.0
uniform,20.0,428.0
uniform,20.0,342.4
uniform,20.0,1626.3999999999994
uniform,20.0,1540.7999999999995
uniform,20.0,1540.7999999999995
uniform,20.0,1455.1999999999996
uniform,20.0,1455.1999999999996
uniform,20.0,1369.5999999999997
uniform,20.0,1369.5999999999997
uniform,20.0,1283.9999999999998
uniform,20.0,1283.9999999999998
uniform,20.0,1198.3999999999999
uniform,8.0,1613.5999999999997
uniform,8.0,1527.9999999999998
uniform,8.0,1442.3999999999999
uniform,8.0,1699.1999999999996
uniform,8.0,1356.8
uniform,8.0,1271.2
uniform,8.0,1784.7999999999995
uniform,8.0,1106.4
uniform,8.0,1185.6000000000001
uniform,8.0,1027.2
minprob,1.0,513.6
minprob,1.0,599.2
minprob,1.0,684.8000000000001
minprob,1.0,428.0
minprob,1.0,922.4000000000002
minprob,1.0,770.4000000000001
minprob,1.0,849.6000000000001
minprob,1.0,342.4
minprob,1.0,1014.4000000000001
minprob,1.0,1100.0
minprob,1.0,513.6
minprob,1.0,599.2
minprob,1.0,684.8000000000001
minprob,1.0,428.0
minprob,1.0,922.4000000000002
minprob,1.0,770.4000000000001
minprob,1.0,849.6000000000001
minprob,1.0,342.4
minprob,1.0,1014.4000000000001
minprob,1.0,1100.0
minprob,1.0,513.6
minprob,1.0,428.0
minprob,1.0,599.2
minprob,1.0,684.8000000000001
minprob,1.0,342.4
minprob,1.0,770.4000000000001
minprob,1.0,856.0000000000001
minprob,1.0,256.79999999999995
minprob,1.0,941.6000000000001
minprob,1.0,1027.2
minprob,1.0,428.0
minprob,1.0,513.6
minprob,1.0,513.6
minprob,1.0,599.2
minprob,1.0,599.2
minprob,1.0,684.8000000000001
minprob,1.0,684.8000000000001
minprob,1.0,770.4000000000001
minprob,1.0,856.0000000000001
minprob,1.0,935.2000000000002
minprob,1.0,1955.9999999999993
minprob,1.0,1870.3999999999994
minprob,1.0,1870.3999999999994
minprob,1.0,1784.7999999999995
minprob,1.0,1784.7999999999995
minprob,1.0,1699.1999999999996
minprob,1.0,1699.1999999999996
minprob,1.0,1613.5999999999997
minprob,1.0,1613.5999999999997
minprob,1.0,1527.9999999999998
minprob,1.0,513.6
minprob,1.0,599.2
minprob,1.0,428.0
minprob,1.0,684.8000000000001
minprob,1.0,342.4
minprob,1.0,256.79999999999995
minprob,1.0,770.4000000000001
minprob,1.0,513.6
minprob,1.0,256.79999999999995
minprob,1.0,342.4
minprob,5.0,2041.5999999999992
minprob,5.0,1955.9999999999993
minprob,5.0,2127.1999999999994
minprob,5.0,1870.3999999999994
minprob,5.0,2212.7999999999993
minprob,5.0,1784.7999999999995
minprob,5.0,1699.1999999999996
minprob,5.0,2298.399999999999
minprob,5.0,1613.5999999999997
minprob,5.0,1527.9999999999998
minprob,5.0,428.0
minprob,5.0,513.6
minprob,5.0,599.2
minprob,5.0,342.4
minprob,5.0,684.8000000000001
minprob,5.0,770.4000000000001
minprob,5.0,856.0000000000001
minprob,5.0,256.79999999999995
minprob,5.0,770.4000000000001
minprob,5.0,684.8000000000001
minprob,5.0,599.2
minprob,5.0,513.6
minprob,5.0,684.8000000000001
minprob,5.0,599.2
minprob,5.0,513.6
minprob,5.0,599.2
minprob,5.0,599.2
minprob,5.0,513.6
minprob,5.0,684.8000000000001
minprob,5.0,770.4000000000001
minprob,5.0,1198.3999999999999
minprob,5.0,1112.8
minprob,5.0,1287.9999999999998
minprob,5.0,1027.2
minprob,5.0,941.6000000000001
minprob,5.0,856.0000000000001
minprob,5.0,1373.5999999999997
minprob,5.0,770.4000000000001
minprob,5.0,1283.9999999999998
minprob,5.0,684.8000000000001
minprob,5.0,342.4
minprob,5.0,256.79999999999995
minprob,5.0,428.0
minprob,5.0,513.6
minprob,5.0,513.6
minprob,5.0,256.79999999999995
minprob,5.0,342.4
minprob,5.0,428.0
minprob,5.0,428.0
minprob,5.0,513.6
minprob,5.0,513.6
minprob,5.0,599.2
minprob,5.0,428.0
minprob,5.0,684.8000000000001
minprob,5.0,342.4
minprob,5.0,256.79999999999995
minprob,5.0,770.4000000000001
minprob,5.0,342.4
minprob,5.0,428.0
minprob,5.0,513.6
minprob,5.0,428.0
minprob,5.0,342.4
minprob,5.0,513.6
minprob,5.0,256.79999999999995
minprob,5.0,342.4
minprob,5.0,599.2
minprob,5.0,428.0
minprob,5.0,513.6
minprob,5.0,684.8000000000001
minprob,5.0,599.2
minprob,9.0,513.6
minprob,9.0,428.0
minprob,9.0,599.2
minprob,9.0,513.6
minprob,9.0,684.8000000000001
minprob,9.0,770.4000000000001
minprob,9.0,599.2
minprob,9.0,856.0000000000001
minprob,9.0,941.6000000000001
minprob,9.0,1020.8000000000002
minprob,9.0,1442.3999999999999
minprob,9.0,1356.8
minprob,9.0,1271.2
minprob,9.0,1527.9999999999998
minprob,9.0,1185.6000000000001
minprob,9.0,1100.0000000000002
minprob,9.0,1613.5999999999997
minprob,9.0,1014.4000000000002
minprob,9.0,928.8000000000002
minprob,9.0,849.6000000000001
minprob,9.0,1356.8
minprob,9.0,1442.3999999999999
minprob,9.0,1271.2
minprob,9.0,1527.9999999999998
minprob,9.0,1185.6000000000001
minprob,9.0,1100.0000000000002
minprob,9.0,1613.5999999999997
minprob,9.0,1014.4000000000002
minprob,9.0,928.8000000000002
minprob,9.0,1014.4000000000002
minprob,10.0,684.8000000000001
minprob,10.0,770.4000000000001
minprob,10.0,856.0000000000001
minprob,10.0,599.2
minprob,10.0,1093.6000000000001
minprob,10.0,941.6000000000001
minprob,10.0,1020.8000000000002
minprob,10.0,513.6
minprob,10.0,1185.6
minprob,10.0,1271.1999999999998
minprob,10.0,513.6
minprob,10.0,599.2
minprob,10.0,684.8000000000001
minprob,10.0,428.0
minprob,10.0,770.4000000000001
minprob,10.0,856.0000000000001
minprob,10.0,513.6
minprob,10.0,941.6000000000001
minprob,10.0,1020.8000000000002
minprob,10.0,1093.6000000000001
minprob,3.0,684.8000000000001
minprob,3.0,770.4000000000001
minprob,3.0,770.4000000000001
minprob,3.0,856.0000000000001
minprob,3.0,856.0000000000001
minprob,3.0,941.6000000000001
minprob,3.0,1027.2
minprob,3.0,941.6000000000001
minprob,3.0,1112.8
minprob,3.0,1027.2
minprob,3.0,513.6
minprob,3.0,599.2
minprob,3.0,428.0
minprob,3.0,684.8000000000001
minprob,3.0,599.2
minprob,3.0,342.4
minprob,3.0,256.79999999999995
minprob,3.0,513.6
minprob,3.0,342.4
minprob,3.0,428.0
minprob,3.0,1784.7999999999995
minprob,3.0,1699.1999999999996
minprob,3.0,1870.3999999999994
minprob,3.0,1613.5999999999995
minprob,3.0,1955.9999999999993
minprob,3.0,2041.5999999999992
minprob,3.0,1955.9999999999993
minprob,3.0,1527.9999999999995
minprob,3.0,1870.3999999999994
minprob,3.0,1784.7999999999995
minprob,3.0,1192.0
minprob,3.0,1442.3999999999996
minprob,3.0,1356.7999999999997
minprob,3.0,1112.8
minprob,3.0,1264.8
minprob,3.0,1527.9999999999995
minprob,3.0,1027.2
minprob,3.0,1613.5999999999997
minprob,3.0,941.6000000000001
minprob,3.0,856.0000000000001
minprob,6.0,1112.8
minprob,6.0,1027.2
minprob,6.0,1202.3999999999999
minprob,6.0,941.6000000000001
minprob,6.0,856.0000000000001
minprob,6.0,770.4000000000001
minprob,6.0,1287.9999999999998
minprob,6.0,684.8000000000001
minprob,6.0,1198.3999999999999
minprob,6.0,599.2
minprob,6.0,2041.5999999999992
minprob,6.0,1955.9999999999993
minprob,6.0,2127.1999999999994
minprob,6.0,1870.3999999999994
minprob,6.0,1784.7999999999995
minprob,6.0,2212.7999999999993
minprob,6.0,1699.1999999999996
minprob,6.0,1613.5999999999997
minprob,6.0,2298.399999999999
minprob,6.0,1699.1999999999996
minprob,6.0,599.2
minprob,6.0,684.8000000000001
minprob,6.0,513.6
minprob,6.0,770.4000000000001
minprob,6.0,599.2
minprob,6.0,684.8000000000001
minprob,6.0,770.4000000000001
minprob,6.0,856.0000000000001
minprob,6.0,684.8000000000001
minprob,6.0,599.2
minprob,17.0,1527.9999999999998
minprob,17.0,1613.5999999999997
minprob,17.0,1613.5999999999997
minprob,17.0,1699.1999999999996
minprob,17.0,1784.7999999999995
minprob,17.0,1699.1999999999996
minprob,17.0,1870.3999999999994
minprob,17.0,1955.9999999999993
minprob,17.0,1784.7999999999995
minprob,17.0,2041.5999999999992
minprob,17.0,1198.3999999999999
minprob,17.0,1283.9999999999998
minprob,17.0,1283.9999999999998
minprob,17.0,1369.5999999999997
minprob,17.0,1198.3999999999999
minprob,17.0,1455.1999999999996
minprob,17.0,1283.9999999999998
minprob,17.0,1369.5999999999997
minprob,17.0,1540.7999999999995
minprob,17.0,1283.9999999999998
minprob,17.0,428.0
minprob,17.0,513.6
minprob,17.0,342.4
minprob,17.0,599.2
minprob,17.0,428.0
minprob,17.0,342.4
minprob,17.0,684.8000000000001
minprob,17.0,428.0
minprob,17.0,513.6
minprob,17.0,599.2
minprob,17.0,513.6
minprob,17.0,599.2
minprob,17.0,684.8000000000001
minprob,17.0,428.0
minprob,17.0,770.4000000000001
minprob,17.0,856.0000000000001
minprob,17.0,342.4
minprob,17.0,941.6000000000001
minprob,17.0,1027.2
minprob,17.0,256.79999999999995
minprob,2.0,856.0000000000001
minprob,2.0,770.4000000000001
minprob,2.0,770.4000000000001
minprob,2.0,684.8000000000001
minprob,2.0,599.2
minprob,2.0,684.8000000000001
minprob,2.0,513.6
minprob,2.0,599.2
minprob,2.0,599.2
minprob,2.0,684.8000000000001
minprob,2.0,1198.3999999999999
minprob,2.0,1112.8
minprob,2.0,1112.8
minprob,2.0,1027.2
minprob,2.0,1027.2
minprob,2.0,941.6000000000001
minprob,2.0,856.0000000000001
minprob,2.0,941.6000000000001
minprob,2.0,770.4000000000001
minprob,2.0,684.8000000000001
minprob,2.0,428.0
minprob,2.0,513.6
minprob,2.0,513.6
minprob,2.0,599.2
minprob,2.0,599.2
minprob,2.0,684.8000000000001
minprob,2.0,770.4000000000001
minprob,2.0,684.8000000000001
minprob,2.0,856.0000000000001
minprob,2.0,770.4000000000001
minprob,2.0,1699.1999999999996
minprob,2.0,1784.7999999999995
minprob,2.0,1613.5999999999997
minprob,2.0,1870.3999999999994
minprob,2.0,1527.9999999999998
minprob,2.0,1442.3999999999999
minprob,2.0,1955.9999999999993
minprob,2.0,1356.8
minprob,2.0,1271.2
minprob,2.0,1185.6000000000001
minprob,4.0,1527.9999999999998
minprob,4.0,1442.3999999999999
minprob,4.0,1356.8
minprob,4.0,1613.5999999999997
minprob,4.0,1271.1999999999998
minprob,4.0,1185.6
minprob,4.0,1699.1999999999996
minprob,4.0,1100.0
minprob,4.0,1008.0000000000001
minprob,4.0,935.2000000000002
minprob,7.0,1870.3999999999994
minprob,7.0,1784.7999999999995
minprob,7.0,1955.9999999999993
minprob,7.0,1699.1999999999996
minprob,7.0,1613.5999999999997
minprob,7.0,2041.5999999999992
minprob,7.0,1699.1999999999996
minprob,7.0,1613.5999999999997
minprob,7.0,2127.1999999999994
minprob,7.0,1699.1999999999996
minprob,7.0,2212.789999999999
minprob,7.0,2298.389999999999
minprob,7.0,2127.189999999999
minprob,7.0,2041.5899999999992
minprob,7.0,2383.989999999999
minprob,7.0,1955.9899999999993
minprob,7.0,1870.3899999999994
minprob,7.0,2473.589999999999
minprob,7.0,1784.7899999999995
minprob,7.0,2559.199999999999
minprob,7.0,1100.0000000000002
minprob,7.0,1185.6000000000001
minprob,7.0,1185.6
minprob,7.0,1271.2
minprob,7.0,1100.0
minprob,7.0,1185.6
minprob,7.0,1356.8
minprob,7.0,1271.1999999999998
minprob,7.0,1356.7999999999997
minprob,7.0,1442.3999999999996
minprob,7.0,1356.8
minprob,7.0,1271.2
minprob,7.0,1185.6000000000001
minprob,7.0,1442.3999999999999
minprob,7.0,935.2000000000002
minprob,7.0,1100.0000000000002
minprob,7.0,1014.4000000000002
minprob,7.0,1527.9999999999998
minprob,7.0,856.0000000000001
minprob,7.0,770.4000000000001
minprob,12.0,1699.1999999999996
minprob,12.0,1784.7999999999995
minprob,12.0,1613.5999999999997
minprob,12.0,1527.9999999999998
minprob,12.0,1442.3999999999999
minprob,12.0,1699.1999999999996
minprob,12.0,1613.5999999999997
minprob,12.0,1356.8
minprob,12.0,1527.9999999999998
minprob,12.0,1442.3999999999999
minprob,12.0,1112.8
minprob,12.0,1027.2
minprob,12.0,941.6000000000001
minprob,12.0,1198.3999999999999
minprob,12.0,856.0000000000001
minprob,12.0,770.4000000000001
minprob,12.0,1283.9999999999998
minprob,12.0,684.8000000000001
minprob,12.0,599.2
minprob,12.0,513.6
minprob,14.0,513.6
minprob,14.0,599.2
minprob,14.0,428.0
minprob,14.0,684.8000000000001
minprob,14.0,342.4
minprob,14.0,770.4000000000001
minprob,14.0,856.0000000000001
minprob,14.0,428.0
minprob,14.0,941.6000000000001
minprob,14.0,342.4
minprob,13.0,599.2
minprob,13.0,684.8000000000001
minprob,13.0,513.6
minprob,13.0,599.2
minprob,13.0,599.2
minprob,13.0,513.6
minprob,13.0,684.8000000000001
minprob,13.0,428.0
minprob,13.0,770.4000000000001
minprob,13.0,856.0000000000001
minprob,13.0,1699.1799999999996
minprob,13.0,1613.5999999999997
minprob,13.0,1784.7799999999995
minprob,13.0,1527.9999999999998
minprob,13.0,1699.1999999999994
minprob,13.0,1442.3999999999999
minprob,13.0,1356.8
minprob,13.0,1613.5999999999995
minprob,13.0,1271.2
minprob,13.0,1185.6000000000001
minprob,18.0,599.2
minprob,18.0,684.8000000000001
minprob,18.0,513.6
minprob,18.0,770.4000000000001
minprob,18.0,428.0
minprob,18.0,342.4
minprob,18.0,856.0000000000001
minprob,18.0,256.79999999999995
minprob,18.0,171.2
minprob,18.0,428.0
minprob,15.0,1442.3999999999996
minprob,15.0,1356.7999999999997
minprob,15.0,1527.9999999999995
minprob,15.0,1271.1999999999998
minprob,15.0,1613.5999999999995
minprob,15.0,1699.1999999999994
minprob,15.0,1356.7999999999997
minprob,15.0,1784.7999999999993
minprob,15.0,1870.3999999999992
minprob,15.0,1955.999999999999
minprob,11.0,599.2
minprob,11.0,684.8000000000001
minprob,11.0,770.4000000000001
minprob,11.0,513.6
minprob,11.0,856.0000000000001
minprob,11.0,941.6000000000001
minprob,11.0,428.0
minprob,11.0,1027.2
minprob,11.0,1112.8
minprob,11.0,1198.3999999999999
minprob,22.0,1356.7999999999997
minprob,22.0,1442.3999999999996
minprob,22.0,1271.1999999999998
minprob,22.0,1356.7999999999997
minprob,22.0,1185.6
minprob,22.0,1271.1999999999998
minprob,22.0,1100.0
minprob,22.0,1185.6
minprob,22.0,1014.4000000000001
minprob,22.0,928.8000000000001
minprob,22.0,256.79999999999995
minprob,22.0,342.4
minprob,22.0,428.0
minprob,22.0,342.4
minprob,22.0,513.6
minprob,22.0,599.2
minprob,22.0,428.0
minprob,22.0,684.8000000000001
minprob,22.0,770.4000000000001
minprob,22.0,856.0000000000001
minprob,27.0,1784.7999999999993
minprob,27.0,1870.3999999999992
minprob,27.0,1699.1999999999994
minprob,27.0,1955.999999999999
minprob,27.0,1613.5999999999995
minprob,27.0,1527.9999999999995
minprob,27.0,2041.599999999999
minprob,27.0,1442.3999999999996
minprob,27.0,1356.7999999999997
minprob,27.0,1271.1999999999998
minprob,16.0,941.6000000000001
minprob,16.0,1027.2
minprob,16.0,1271.2
minprob,16.0,1112.8
minprob,16.0,856.0000000000001
minprob,16.0,1356.7999999999997
minprob,16.0,1192.0
minprob,16.0,770.4000000000001
minprob,16.0,1442.3999999999996
minprob,16.0,1527.9999999999995
minprob,19.0,1540.7999999999995
minprob,19.0,1455.1999999999996
minprob,19.0,1455.1999999999996
minprob,19.0,1369.5999999999997
minprob,19.0,1369.5999999999997
minprob,19.0,1283.9999999999998
minprob,19.0,1283.9999999999998
minprob,19.0,1198.3999999999999
minprob,19.0,1198.3999999999999
minprob,19.0,1112.8
minprob,20.0,513.6
minprob,20.0,592.8000000000001
minprob,20.0,428.0
minprob,20.0,342.4
minprob,20.0,428.0
minprob,20.0,672.0000000000001
minprob,20.0,342.4
minprob,20.0,428.0
minprob,20.0,757.6
minprob,20.0,513.6
minprob,20.0,928.8000000000001
minprob,20.0,843.2
minprob,20.0,757.6
minprob,20.0,1014.4000000000001
minprob,20.0,507.2
minprob,20.0,672.0
minprob,20.0,586.4
minprob,20.0,1100.0
minprob,20.0,428.0
minprob,20.0,342.4
minprob,20.0,1202.3999999999999
minprob,20.0,856.0000000000001
minprob,20.0,770.4000000000001
minprob,20.0,941.6000000000001
minprob,20.0,1112.8
minprob,20.0,1027.2
minprob,20.0,684.8000000000001
minprob,20.0,1116.8
minprob,20.0,1027.2
minprob,20.0,770.4000000000001
minprob,8.0,1613.5999999999997
minprob,8.0,1527.9999999999998
minprob,8.0,1442.3999999999999
minprob,8.0,1699.1999999999996
minprob,8.0,1356.8
minprob,8.0,1271.2
minprob,8.0,1784.7999999999995
minprob,8.0,1106.4
minprob,8.0,1185.6000000000001
minprob,8.0,1027.2
last1,1.0,513.6
last1,1.0,599.2
last1,1.0,684.8000000000001
last1,1.0,428.0
last1,1.0,922.4000000000002
last1,1.0,770.4000000000001
last1,1.0,849.6000000000001
last1,1.0,342.4
last1,1.0,1014.4000000000001
last1,1.0,1100.0
last1,1.0,1527.9999999999998
last1,1.0,1442.3999999999999
last1,1.0,1356.7999999999997
last1,1.0,1613.5999999999997
last1,1.0,1271.1999999999998
last1,1.0,1185.6
last1,1.0,1699.1999999999996
last1,1.0,1020.8000000000002
last1,1.0,1093.6000000000001
last1,1.0,941.6000000000001
last1,1.0,1699.1999999999996
last1,1.0,1784.7999999999995
last1,1.0,1613.5999999999997
last1,1.0,1527.9999999999998
last1,1.0,1870.3999999999994
last1,1.0,1442.3999999999999
last1,1.0,1356.8
last1,1.0,1784.7999999999995
last1,1.0,1271.1999999999998
last1,1.0,1185.6
last1,1.0,1442.3999999999999
last1,1.0,1527.9999999999998
last1,1.0,1356.8
last1,1.0,1271.2
last1,1.0,1613.5999999999997
last1,1.0,1185.6000000000001
last1,1.0,1100.0000000000002
last1,1.0,1527.9999999999998
last1,1.0,1014.4000000000002
last1,1.0,928.8000000000002
last1,1.0,672.0000000000001
last1,1.0,757.6000000000001
last1,1.0,843.2
last1,1.0,513.6
last1,1.0,592.8000000000001
last1,1.0,428.0
last1,1.0,928.8000000000001
last1,1.0,1014.4000000000001
last1,1.0,342.4
last1,1.0,1100.0
last1,1.0,2041.5899999999992
last1,1.0,2127.189999999999
last1,1.0,1870.3999999999994
last1,1.0,1955.9999999999993
last1,1.0,2041.5999999999992
last1,1.0,1784.7999999999995
last1,1.0,1955.9999999999993
last1,1.0,1870.3999999999994
last1,1.0,1699.1999999999996
last1,1.0,1784.7999999999995
last1,5.0,428.0
last1,5.0,513.6
last1,5.0,599.2
last1,5.0,342.4
last1,5.0,684.8000000000001
last1,5.0,770.4000000000001
last1,5.0,856.0000000000001
last1,5.0,256.79999999999995
last1,5.0,770.4000000000001
last1,5.0,684.8000000000001
last1,5.0,941.6000000000001
last1,5.0,1027.2
last1,5.0,856.0000000000001
last1,5.0,941.6000000000001
last1,5.0,941.6000000000001
last1,5.0,856.0000000000001
last1,5.0,856.0000000000001
last1,5.0,941.6000000000001
last1,5.0,770.4000000000001
last1,5.0,1027.2
last1,5.0,1955.9999999999993
last1,5.0,2041.5999999999992
last1,5.0,1870.3999999999994
last1,5.0,2127.1999999999994
last1,5.0,1784.7999999999995
last1,5.0,1699.1999999999996
last1,5.0,2212.7999999999993
last1,5.0,1613.5999999999995
last1,5.0,1527.9999999999995
last1,5.0,1442.3999999999996
last1,5.0,2127.1999999999994
last1,5.0,2041.5999999999992
last1,5.0,2212.7999999999993
last1,5.0,1955.9999999999993
last1,5.0,1870.3999999999994
last1,5.0,2298.399999999999
last1,5.0,1784.7999999999995
last1,5.0,1699.1999999999996
last1,5.0,2383.999999999999
last1,5.0,1613.5999999999997
last1,5.0,1955.9999999999993
last1,5.0,1870.3999999999994
last1,5.0,1870.3999999999994
last1,5.0,1784.7999999999995
last1,5.0,1699.1999999999996
last1,5.0,1784.7999999999995
last1,5.0,1699.1999999999996
last1,5.0,1613.5999999999997
last1,5.0,1613.5999999999997
last1,5.0,1527.9999999999998
last1,5.0,856.0000000000001
last1,5.0,770.4000000000001
last1,5.0,684.8000000000001
last1,5.0,941.6000000000001
last1,5.0,599.2
last1,5.0,513.6
last1,5.0,856.0000000000001
last1,5.0,428.0
last1,5.0,770.4000000000001
last1,5.0,342.4
last1,5.0,428.0
last1,5.0,342.4
last1,5.0,513.6
last1,5.0,256.79999999999995
last1,5.0,342.4
last1,5.0,599.2
last1,5.0,428.0
last1,5.0,513.6
last1,5.0,684.8000000000001
last1,5.0,599.2
last1,9.0,513.6
last1,9.0,599.2
last1,9.0,599.2
last1,9.0,684.8000000000001
last1,9.0,513.6
last1,9.0,599.2
last1,9.0,684.8000000000001
last1,9.0,770.4000000000001
last1,9.0,770.4000000000001
last1,9.0,684.8000000000001
last1,9.0,1442.3999999999999
last1,9.0,1356.8
last1,9.0,1271.2
last1,9.0,1527.9999999999998
last1,9.0,1185.6000000000001
last1,9.0,1100.0000000000002
last1,9.0,1613.5999999999997
last1,9.0,1014.4000000000002
last1,9.0,928.8000000000002
last1,9.0,849.6000000000001
last1,9.0,1271.2
last1,9.0,1356.8
last1,9.0,1185.6000000000001
last1,9.0,1442.3999999999999
last1,9.0,1100.0000000000002
last1,9.0,1014.4000000000002
last1,9.0,1527.9999999999998
last1,9.0,928.8000000000002
last1,9.0,843.2000000000002
last1,9.0,928.8000000000002
last1,10.0,1784.7999999999995
last1,10.0,1870.3999999999994
last1,10.0,1699.1999999999996
last1,10.0,1613.5999999999997
last1,10.0,1955.9999999999993
last1,10.0,1527.9999999999998
last1,10.0,1442.3999999999999
last1,10.0,1870.3999999999994
last1,10.0,1356.7999999999997
last1,10.0,1271.1999999999998
last1,10.0,1442.3999999999999
last1,10.0,1527.9999999999998
last1,10.0,1356.8
last1,10.0,1613.5999999999997
last1,10.0,1271.2
last1,10.0,1185.6000000000001
last1,10.0,1100.0000000000002
last1,10.0,1699.1999999999996
last1,10.0,1014.4000000000002
last1,10.0,928.8000000000002
last1,3.0,inf
last1,3.0,1711.5199999999993
last1,3.0,1719.9899999999996
last1,3.0,1377.58
last1,3.0,1634.3899999999994
last1,3.0,1292.0
last1,3.0,1548.7999999999995
last1,3.0,1548.7999999999995
last1,3.0,1206.4
last1,3.0,1463.1999999999996
last1,3.0,1112.8
last1,3.0,1027.2
last1,3.0,1198.3999999999999
last1,3.0,941.6000000000001
last1,3.0,1283.9999999999998
last1,3.0,1369.5999999999997
last1,3.0,856.0000000000001
last1,3.0,1455.1999999999996
last1,3.0,1534.3899999999996
last1,3.0,1613.5899999999995
last1,3.0,inf
last1,3.0,1634.3899999999994
last1,3.0,1292.0
last1,3.0,1548.7999999999995
last1,3.0,1206.4
last1,3.0,1711.5199999999993
last1,3.0,1719.9899999999996
last1,3.0,1377.58
last1,3.0,1463.1999999999996
last1,3.0,1120.8000000000002
last1,3.0,1192.0
last1,3.0,1442.3999999999996
last1,3.0,1356.7999999999997
last1,3.0,1112.8
last1,3.0,1264.8
last1,3.0,1527.9999999999995
last1,3.0,1027.2
last1,3.0,1613.5999999999997
last1,3.0,941.6000000000001
last1,3.0,856.0000000000001
last1,6.0,2041.5999999999992
last1,6.0,1955.9999999999993
last1,6.0,2127.1999999999994
last1,6.0,1870.3999999999994
last1,6.0,1784.7999999999995
last1,6.0,2212.7999999999993
last1,6.0,1699.1999999999996
last1,6.0,1613.5999999999997
last1,6.0,2298.399999999999
last1,6.0,1699.1999999999996
last1,6.0,1292.0
last1,6.0,1206.4
last1,6.0,1120.8000000000002
last1,6.0,1377.6
last1,6.0,1035.2000000000003
last1,6.0,1463.1999999999998
last1,6.0,949.6000000000001
last1,6.0,864.0000000000001
last1,6.0,1548.7999999999997
last1,6.0,949.6000000000001
last1,6.0,1027.2
last1,6.0,1112.8
last1,6.0,941.6000000000001
last1,6.0,1198.3999999999999
last1,6.0,1283.9999999999998
last1,6.0,856.0000000000001
last1,6.0,1198.3999999999999
last1,6.0,1112.8
last1,6.0,770.4000000000001
last1,6.0,1027.2
last1,17.0,1870.3999999999992
last1,17.0,1784.7999999999993
last1,17.0,1955.999999999999
last1,17.0,1699.1999999999994
last1,17.0,2041.599999999999
last1,17.0,2127.199999999999
last1,17.0,1613.5999999999995
last1,17.0,2212.799999999999
last1,17.0,2298.379999999999
last1,17.0,2212.7799999999993
last1,17.0,770.4000000000001
last1,17.0,856.0000000000001
last1,17.0,684.8000000000001
last1,17.0,941.6000000000001
last1,17.0,599.2
last1,17.0,513.6
last1,17.0,1027.2
last1,17.0,428.0
last1,17.0,342.4
last1,17.0,256.79999999999995
last1,17.0,1100.0000000000002
last1,17.0,1185.6
last1,17.0,1271.1999999999998
last1,17.0,1014.4000000000002
last1,17.0,1356.7999999999997
last1,17.0,1442.3999999999996
last1,17.0,1100.0000000000002
last1,17.0,1527.9999999999995
last1,17.0,1613.5999999999995
last1,17.0,1699.1999999999994
last1,17.0,849.6000000000001
last1,17.0,1100.0000000000002
last1,17.0,1014.4000000000002
last1,17.0,770.4000000000001
last1,17.0,928.8000000000002
last1,17.0,1185.6000000000001
last1,17.0,684.8000000000001
last1,17.0,1271.2
last1,17.0,599.2
last1,17.0,513.6
last1,2.0,856.0000000000001
last1,2.0,770.4000000000001
last1,2.0,770.4000000000001
last1,2.0,684.8000000000001
last1,2.0,599.2
last1,2.0,684.8000000000001
last1,2.0,513.6
last1,2.0,599.2
last1,2.0,599.2
last1,2.0,684.8000000000001
last1,2.0,1955.9999999999993
last1,2.0,1870.3999999999994
last1,2.0,1784.7999999999995
last1,2.0,2041.5999999999992
last1,2.0,1699.1999999999996
last1,2.0,1613.5999999999997
last1,2.0,2127.1999999999994
last1,2.0,1527.9999999999995
last1,2.0,1442.3999999999996
last1,2.0,1356.7999999999997
last1,2.0,1112.8
last1,2.0,1027.2
last1,2.0,941.6000000000001
last1,2.0,1202.3999999999999
last1,2.0,856.0000000000001
last1,2.0,941.6000000000001
last1,2.0,1027.2
last1,2.0,1287.9999999999998
last1,2.0,1112.8
last1,2.0,1198.3999999999999
last1,2.0,1534.3899999999996
last1,2.0,1455.1999999999996
last1,2.0,1699.1899999999996
last1,2.0,1369.5999999999997
last1,2.0,1784.7899999999995
last1,2.0,1607.1999999999996
last1,2.0,1870.3899999999994
last1,2.0,1955.9899999999993
last1,2.0,1283.9999999999998
last1,2.0,2041.5899999999992
last1,4.0,513.6
last1,4.0,599.2
last1,4.0,428.0
last1,4.0,684.8000000000001
last1,4.0,513.6
last1,4.0,770.4000000000001
last1,4.0,856.0000000000001
last1,4.0,599.2
last1,4.0,941.6000000000001
last1,4.0,684.8000000000001
last1,7.0,1120.8000000000002
last1,7.0,1035.2000000000003
last1,7.0,949.6000000000001
last1,7.0,1206.4
last1,7.0,864.0000000000001
last1,7.0,1292.0
last1,7.0,949.6000000000001
last1,7.0,864.0000000000001
last1,7.0,1377.6
last1,7.0,949.6000000000001
last1,7.0,1271.1999999999998
last1,7.0,1356.7999999999997
last1,7.0,1356.7999999999997
last1,7.0,1271.2
last1,7.0,1442.3999999999996
last1,7.0,1527.9999999999995
last1,7.0,1356.8
last1,7.0,1613.5999999999995
last1,7.0,1699.1999999999994
last1,7.0,1784.7999999999993
last1,7.0,inf
last1,7.0,1719.9899999999996
last1,7.0,1882.7199999999991
last1,7.0,1634.3999999999994
last1,7.0,1548.7999999999995
last1,7.0,1463.1999999999996
last1,7.0,1719.9799999999996
last1,7.0,1719.9899999999996
last1,7.0,1634.3999999999996
last1,7.0,1634.3799999999994
last1,7.0,1527.9999999999998
last1,7.0,1613.5999999999997
last1,7.0,1613.5999999999997
last1,7.0,1699.1999999999996
last1,7.0,1527.9999999999998
last1,7.0,1784.7999999999995
last1,7.0,1870.3999999999994
last1,7.0,1613.5999999999997
last1,7.0,1955.9999999999993
last1,7.0,2041.5999999999992
last1,12.0,1027.2
last1,12.0,1112.8
last1,12.0,941.6000000000001
last1,12.0,1198.3999999999999
last1,12.0,1283.9999999999998
last1,12.0,1442.3999999999999
last1,12.0,856.0000000000001
last1,12.0,1363.1999999999998
last1,12.0,1527.9999999999995
last1,12.0,1613.5999999999995
last1,12.0,1699.1999999999996
last1,12.0,1613.5999999999997
last1,12.0,1527.9999999999998
last1,12.0,1784.7999999999995
last1,12.0,1442.3999999999996
last1,12.0,1356.7999999999997
last1,12.0,1870.3999999999994
last1,12.0,1271.1999999999998
last1,12.0,1179.2
last1,12.0,1106.4
last1,14.0,684.8000000000001
last1,14.0,770.4000000000001
last1,14.0,856.0000000000001
last1,14.0,599.2
last1,14.0,941.6000000000001
last1,14.0,1027.2
last1,14.0,513.6
last1,14.0,1112.8
last1,14.0,1198.3999999999999
last1,14.0,1283.9999999999998
last1,13.0,1027.2
last1,13.0,1112.8
last1,13.0,941.6000000000001
last1,13.0,1198.3999999999999
last1,13.0,1283.9999999999998
last1,13.0,856.0000000000001
last1,13.0,1369.5999999999997
last1,13.0,1527.9999999999998
last1,13.0,1448.7999999999997
last1,13.0,1613.5999999999995
last1,13.0,1112.8
last1,13.0,1192.0
last1,13.0,1027.2
last1,13.0,941.6000000000001
last1,13.0,856.0000000000001
last1,13.0,1271.2
last1,13.0,770.4000000000001
last1,13.0,684.8000000000001
last1,13.0,1356.8
last1,13.0,599.2
last1,18.0,1369.5999999999997
last1,18.0,1455.1999999999996
last1,18.0,1283.9999999999998
last1,18.0,1540.7999999999995
last1,18.0,1626.3999999999994
last1,18.0,1778.3999999999996
last1,18.0,1198.3999999999999
last1,18.0,1705.5999999999995
last1,18.0,1870.3999999999992
last1,18.0,1955.999999999999
last1,15.0,1112.8
last1,15.0,1198.3999999999999
last1,15.0,1283.9999999999998
last1,15.0,1027.2
last1,15.0,1527.9999999999998
last1,15.0,1369.5999999999997
last1,15.0,941.6000000000001
last1,15.0,1448.7999999999997
last1,15.0,1613.5999999999995
last1,15.0,1699.1999999999994
last1,11.0,1613.5999999999995
last1,11.0,1527.9999999999995
last1,11.0,1277.6
last1,11.0,1442.3999999999996
last1,11.0,1699.1999999999996
last1,11.0,1198.3999999999999
last1,11.0,1350.3999999999999
last1,11.0,1784.7999999999995
last1,11.0,1112.8
last1,11.0,1027.2
last1,22.0,1540.7999999999995
last1,22.0,1455.1999999999996
last1,22.0,1626.3999999999994
last1,22.0,1369.5999999999997
last1,22.0,1283.9999999999998
last1,22.0,1711.9999999999993
last1,22.0,1198.3999999999999
last1,22.0,1283.9999999999998
last1,22.0,1363.1999999999998
last1,22.0,1797.5999999999992
last1,22.0,1703.1999999999994
last1,22.0,1527.9999999999995
last1,22.0,1442.3999999999996
last1,22.0,1613.5999999999995
last1,22.0,1613.5999999999995
last1,22.0,1699.1899999999996
last1,22.0,1356.7999999999997
last1,22.0,1788.7899999999995
last1,22.0,1527.9999999999995
last1,22.0,1271.1999999999998
last1,27.0,171.2
last1,27.0,428.0
last1,27.0,342.4
last1,27.0,260.79999999999995
last1,27.0,428.0
last1,27.0,513.6
last1,27.0,599.2
last1,27.0,350.4
last1,27.0,684.8000000000001
last1,27.0,770.4000000000001
last1,16.0,935.2000000000002
last1,16.0,856.0000000000001
last1,16.0,1100.0000000000002
last1,16.0,1014.4000000000002
last1,16.0,770.4000000000001
last1,16.0,1185.6000000000001
last1,16.0,684.8000000000001
last1,16.0,599.2
last1,16.0,1271.2
last1,16.0,513.6
last1,19.0,1185.6
last1,19.0,1100.0
last1,19.0,1271.1999999999998
last1,19.0,1014.4000000000001
last1,19.0,1356.7999999999997
last1,19.0,1442.3999999999996
last1,19.0,928.8000000000001
last1,19.0,1527.9999999999995
last1,19.0,1613.5999999999995
last1,19.0,1699.1999999999994
last1,20.0,592.8000000000001
last1,20.0,513.6
last1,20.0,757.6
last1,20.0,672.0000000000001
last1,20.0,428.0
last1,20.0,843.2
last1,20.0,342.4
last1,20.0,428.0
last1,20.0,928.8000000000001
last1,20.0,342.4
last1,20.0,1613.5999999999995
last1,20.0,1699.1999999999994
last1,20.0,1527.9999999999995
last1,20.0,1784.7999999999993
last1,20.0,1442.3999999999996
last1,20.0,1870.3999999999992
last1,20.0,1955.999999999999
last1,20.0,1356.7999999999997
last1,20.0,2041.599999999999
last1,20.0,2127.199999999999
last1,20.0,770.4000000000001
last1,20.0,856.0000000000001
last1,20.0,684.8000000000001
last1,20.0,599.2
last1,20.0,941.6000000000001
last1,20.0,513.6
last1,20.0,428.0
last1,20.0,856.0000000000001
last1,20.0,342.4
last1,20.0,428.0
last1,8.0,1106.4
last1,8.0,1356.8
last1,8.0,1271.2
last1,8.0,1027.2
last1,8.0,1185.6000000000001
last1,8.0,1442.3999999999999
last1,8.0,941.6000000000001
last1,8.0,1527.9999999999998
last1,8.0,856.0000000000001
last1,8.0,770.4000000000001
last2,1.0,513.6
last2,1.0,599.2
last2,1.0,684.8000000000001
last2,1.0,428.0
last2,1.0,922.4000000000002
last2,1.0,770.4000000000001
last2,1.0,849.6000000000001
last2,1.0,342.4
last2,1.0,1014.4000000000001
last2,1.0,1100.0
last2,1.0,inf
last2,1.0,1291.9999999999998
last2,1.0,1377.5999999999997
last2,1.0,1540.3199999999995
last2,1.0,1206.3999999999999
last2,1.0,1120.8
last2,1.0,1035.2
last2,1.0,1548.7899999999997
last2,1.0,1548.7799999999997
last2,1.0,1463.1899999999996
last2,1.0,843.2
last2,1.0,757.6000000000001
last2,1.0,928.8000000000001
last2,1.0,672.0000000000001
last2,1.0,1014.4000000000001
last2,1.0,1100.0
last2,1.0,1185.6000000000001
last2,1.0,1271.2
last2,1.0,592.8000000000001
last2,1.0,1356.8
last2,1.0,1955.9999999999993
last2,1.0,1870.3999999999994
last2,1.0,2041.5999999999992
last2,1.0,1784.7999999999995
last2,1.0,1699.1999999999994
last2,1.0,2127.1999999999994
last2,1.0,1613.5999999999995
last2,1.0,1527.9999999999995
last2,1.0,1435.9999999999998
last2,1.0,2212.7999999999993
last2,1.0,1027.2
last2,1.0,1112.8
last2,1.0,941.6000000000001
last2,1.0,1198.3999999999999
last2,1.0,1027.2
last2,1.0,1283.9999999999998
last2,1.0,1112.8
last2,1.0,1198.3999999999999
last2,1.0,1363.1999999999998
last2,1.0,1283.9999999999998
last2,1.0,1120.8
last2,1.0,1206.3999999999999
last2,1.0,1291.9999999999998
last2,1.0,1035.2
last2,1.0,inf
last2,1.0,1377.5999999999997
last2,1.0,949.6000000000001
last2,1.0,1540.3199999999995
last2,1.0,864.0000000000001
last2,1.0,1548.7899999999997
last2,5.0,1363.1999999999998
last2,5.0,1283.9999999999998
last2,5.0,1527.9999999999995
last2,5.0,1435.9999999999998
last2,5.0,1198.3999999999999
last2,5.0,1613.5999999999995
last2,5.0,1112.8
last2,5.0,1027.2
last2,5.0,1699.1999999999994
last2,5.0,941.6000000000001
last2,5.0,inf
last2,5.0,1882.7199999999991
last2,5.0,1891.1899999999994
last2,5.0,1548.7799999999997
last2,5.0,1805.5899999999992
last2,5.0,1463.1799999999996
last2,5.0,1719.9999999999993
last2,5.0,1719.9999999999993
last2,5.0,1377.5999999999997
last2,5.0,1634.3999999999994
last2,5.0,1271.1999999999998
last2,5.0,1185.6
last2,5.0,1356.7999999999997
last2,5.0,1100.0
last2,5.0,1442.3999999999996
last2,5.0,1527.9999999999998
last2,5.0,1014.4000000000002
last2,5.0,1613.5999999999997
last2,5.0,1699.1999999999996
last2,5.0,1784.7999999999995
last2,5.0,2127.1999999999994
last2,5.0,2212.7999999999993
last2,5.0,2041.5999999999992
last2,5.0,2127.1999999999994
last2,5.0,1955.9999999999993
last2,5.0,2041.5999999999992
last2,5.0,1870.3999999999994
last2,5.0,1955.9999999999993
last2,5.0,1784.7999999999995
last2,5.0,1699.1999999999996
last2,5.0,2212.7999999999993
last2,5.0,2127.1999999999994
last2,5.0,2041.5999999999992
last2,5.0,2298.399999999999
last2,5.0,1955.9999999999993
last2,5.0,1870.3999999999994
last2,5.0,2383.999999999999
last2,5.0,1784.7999999999993
last2,5.0,1699.1999999999994
last2,5.0,1613.5999999999995
last2,5.0,1014.4000000000002
last2,5.0,770.4000000000001
last2,5.0,1100.0
last2,5.0,856.0000000000001
last2,5.0,935.2000000000002
last2,5.0,684.8000000000001
last2,5.0,1185.6
last2,5.0,1271.1999999999998
last2,5.0,599.2
last2,5.0,1356.7999999999997
last2,5.0,428.0
last2,5.0,342.4
last2,5.0,513.6
last2,5.0,256.79999999999995
last2,5.0,342.4
last2,5.0,599.2
last2,5.0,428.0
last2,5.0,513.6
last2,5.0,684.8000000000001
last2,5.0,599.2
last2,9.0,inf
last2,9.0,1463.1999999999996
last2,9.0,1548.7899999999997
last2,9.0,1711.5199999999993
last2,9.0,1377.5999999999997
last2,9.0,1291.9999999999998
last2,9.0,1206.3999999999999
last2,9.0,1548.7899999999997
last2,9.0,1719.9799999999996
last2,9.0,1463.1999999999998
last2,9.0,856.0000000000001
last2,9.0,770.4000000000001
last2,9.0,684.8000000000001
last2,9.0,941.6000000000001
last2,9.0,599.2
last2,9.0,513.6
last2,9.0,1027.2
last2,9.0,428.0
last2,9.0,342.4
last2,9.0,428.0
last2,9.0,1527.9999999999995
last2,9.0,1442.3999999999996
last2,9.0,1613.5999999999995
last2,9.0,1356.7999999999997
last2,9.0,1699.1999999999994
last2,9.0,1784.7999999999993
last2,9.0,1271.1999999999998
last2,9.0,1870.3799999999994
last2,9.0,1784.7799999999995
last2,9.0,1699.1999999999996
last2,10.0,1291.9999999999998
last2,10.0,1206.3999999999999
last2,10.0,1120.8
last2,10.0,1377.5999999999997
last2,10.0,1035.2
last2,10.0,1463.1999999999996
last2,10.0,949.6000000000001
last2,10.0,864.0000000000001
last2,10.0,1548.7899999999995
last2,10.0,778.4000000000001
last2,10.0,1870.3999999999994
last2,10.0,1784.7999999999995
last2,10.0,1955.9999999999993
last2,10.0,1699.1999999999996
last2,10.0,1613.5999999999997
last2,10.0,2041.5999999999992
last2,10.0,1527.9999999999998
last2,10.0,1613.5999999999997
last2,10.0,2127.1999999999994
last2,10.0,1699.1999999999996
last2,3.0,1112.8
last2,3.0,1198.3999999999999
last2,3.0,1027.2
last2,3.0,1283.9999999999998
last2,3.0,941.6000000000001
last2,3.0,856.0000000000001
last2,3.0,1198.3999999999999
last2,3.0,770.4000000000001
last2,3.0,684.8000000000001
last2,3.0,599.2
last2,3.0,1035.2
last2,3.0,1120.8
last2,3.0,1206.3999999999999
last2,3.0,949.6000000000001
last2,3.0,1291.9999999999998
last2,3.0,864.0000000000001
last2,3.0,1377.5999999999997
last2,3.0,1463.1999999999996
last2,3.0,778.4000000000001
last2,3.0,1548.7999999999995
last2,3.0,1699.1999999999996
last2,3.0,1784.7999999999995
last2,3.0,1613.5999999999997
last2,3.0,1699.1999999999996
last2,3.0,1613.5999999999997
last2,3.0,1527.9999999999998
last2,3.0,1442.3999999999999
last2,3.0,1527.9999999999998
last2,3.0,1356.8
last2,3.0,1271.2
last2,3.0,428.0
last2,3.0,513.6
last2,3.0,342.4
last2,3.0,599.2
last2,3.0,256.79999999999995
last2,3.0,513.6
last2,3.0,684.8000000000001
last2,3.0,256.79999999999995
last2,3.0,342.4
last2,3.0,428.0
last2,6.0,2041.5999999999992
last2,6.0,2127.1999999999994
last2,6.0,1955.9999999999993
last2,6.0,2212.7999999999993
last2,6.0,1870.3999999999994
last2,6.0,2127.1999999999994
last2,6.0,1784.7999999999995
last2,6.0,2041.5999999999992
last2,6.0,1699.1999999999996
last2,6.0,1613.5999999999997
last2,6.0,342.4
last2,6.0,428.0
last2,6.0,428.0
last2,6.0,342.4
last2,6.0,513.6
last2,6.0,428.0
last2,6.0,513.6
last2,6.0,599.2
last2,6.0,599.2
last2,6.0,684.8000000000001
last2,6.0,941.6000000000001
last2,6.0,856.0000000000001
last2,6.0,770.4000000000001
last2,6.0,1031.2
last2,6.0,856.0000000000001
last2,6.0,941.6000000000001
last2,6.0,1027.2
last2,6.0,945.6000000000001
last2,6.0,1112.8
last2,6.0,1198.3999999999999
last2,17.0,1463.1999999999998
last2,17.0,1377.6
last2,17.0,1292.0
last2,17.0,1548.7999999999997
last2,17.0,1206.4
last2,17.0,1634.3999999999996
last2,17.0,1120.8000000000002
last2,17.0,1035.2000000000003
last2,17.0,1719.9999999999995
last2,17.0,949.6000000000001
last2,17.0,1100.0
last2,17.0,1008.0000000000002
last2,17.0,1185.6
last2,17.0,1271.1999999999998
last2,17.0,1356.7999999999997
last2,17.0,935.2000000000002
last2,17.0,1442.3999999999996
last2,17.0,1527.9999999999998
last2,17.0,856.0000000000001
last2,17.0,1613.5999999999997
last2,17.0,1527.9999999999998
last2,17.0,1613.5999999999997
last2,17.0,1442.3999999999999
last2,17.0,1699.1999999999996
last2,17.0,1613.5999999999997
last2,17.0,1356.8
last2,17.0,1271.2
last2,17.0,1527.9999999999998
last2,17.0,1185.6000000000001
last2,17.0,1100.0000000000002
last2,17.0,770.4000000000001
last2,17.0,856.0000000000001
last2,17.0,684.8000000000001
last2,17.0,941.6000000000001
last2,17.0,599.2
last2,17.0,513.6
last2,17.0,1027.2
last2,17.0,428.0
last2,17.0,342.4
last2,17.0,256.79999999999995
last2,2.0,856.0000000000001
last2,2.0,770.4000000000001
last2,2.0,770.4000000000001
last2,2.0,684.8000000000001
last2,2.0,599.2
last2,2.0,684.8000000000001
last2,2.0,513.6
last2,2.0,599.2
last2,2.0,599.2
last2,2.0,684.8000000000001
last2,2.0,1613.5999999999997
last2,2.0,1527.9999999999995
last2,2.0,1699.1999999999996
last2,2.0,1442.3999999999996
last2,2.0,1784.7999999999995
last2,2.0,1870.3999999999994
last2,2.0,1955.9999999999993
last2,2.0,1356.7999999999997
last2,2.0,1870.3999999999994
last2,2.0,1784.7999999999995
last2,2.0,1112.8
last2,2.0,1027.2
last2,2.0,941.6000000000001
last2,2.0,1202.3999999999999
last2,2.0,856.0000000000001
last2,2.0,941.6000000000001
last2,2.0,1027.2
last2,2.0,1287.9999999999998
last2,2.0,1112.8
last2,2.0,1198.3999999999999
last2,2.0,1699.1999999999996
last2,2.0,1784.7999999999995
last2,2.0,1613.5999999999997
last2,2.0,1870.3999999999994
last2,2.0,1527.9999999999998
last2,2.0,1442.3999999999999
last2,2.0,1955.9999999999993
last2,2.0,1356.8
last2,2.0,1271.2
last2,2.0,1185.6000000000001
last2,4.0,1356.7999999999997
last2,4.0,1271.1999999999998
last2,4.0,1442.3999999999996
last2,4.0,1185.6
last2,4.0,1527.9999999999995
last2,4.0,1613.5999999999995
last2,4.0,1100.0
last2,4.0,1699.1999999999994
last2,4.0,1784.7799999999995
last2,4.0,1699.1799999999994
last2,7.0,342.4
last2,7.0,428.0
last2,7.0,428.0
last2,7.0,513.6
last2,7.0,342.4
last2,7.0,599.2
last2,7.0,684.8000000000001
last2,7.0,428.0
last2,7.0,770.4000000000001
last2,7.0,513.6
last2,7.0,inf
last2,7.0,1548.7999999999997
last2,7.0,1548.7999999999995
last2,7.0,1463.1999999999998
last2,7.0,1463.1999999999996
last2,7.0,1634.3799999999994
last2,7.0,1634.3999999999996
last2,7.0,1377.6
last2,7.0,1377.5999999999997
last2,7.0,1291.9999999999998
last2,7.0,1100.0000000000002
last2,7.0,1185.6000000000001
last2,7.0,1185.6
last2,7.0,1271.2
last2,7.0,1100.0
last2,7.0,1185.6
last2,7.0,1356.8
last2,7.0,1271.1999999999998
last2,7.0,1356.7999999999997
last2,7.0,1442.3999999999996
last2,7.0,1356.8
last2,7.0,1271.2
last2,7.0,1185.6000000000001
last2,7.0,1442.3999999999999
last2,7.0,935.2000000000002
last2,7.0,1100.0000000000002
last2,7.0,1014.4000000000002
last2,7.0,1527.9999999999998
last2,7.0,856.0000000000001
last2,7.0,770.4000000000001
last2,12.0,1870.3999999999994
last2,12.0,1784.7999999999993
last2,12.0,1955.9999999999993
last2,12.0,2041.5999999999992
last2,12.0,1699.1999999999994
last2,12.0,2127.1999999999994
last2,12.0,2212.7999999999993
last2,12.0,2127.1999999999994
last2,12.0,1613.5999999999995
last2,12.0,2041.5999999999992
last2,12.0,1112.8
last2,12.0,1027.2
last2,12.0,941.6000000000001
last2,12.0,1198.3999999999999
last2,12.0,856.0000000000001
last2,12.0,770.4000000000001
last2,12.0,1283.9999999999998
last2,12.0,684.8000000000001
last2,12.0,599.2
last2,12.0,513.6
last2,14.0,599.2
last2,14.0,684.8000000000001
last2,14.0,513.6
last2,14.0,770.4000000000001
last2,14.0,428.0
last2,14.0,513.6
last2,14.0,856.0000000000001
last2,14.0,599.2
last2,14.0,684.8000000000001
last2,14.0,770.4000000000001
last2,13.0,1870.3999999999992
last2,13.0,1784.7999999999993
last2,13.0,1955.9999999999993
last2,13.0,1699.1999999999994
last2,13.0,2041.5999999999992
last2,13.0,2127.1999999999994
last2,13.0,2212.7999999999993
last2,13.0,1613.5999999999995
last2,13.0,2127.1999999999994
last2,13.0,2041.5999999999992
last2,13.0,684.8000000000001
last2,13.0,599.2
last2,13.0,770.4000000000001
last2,13.0,513.6
last2,13.0,684.8000000000001
last2,13.0,599.2
last2,13.0,684.8000000000001
last2,13.0,599.2
last2,13.0,770.4000000000001
last2,13.0,856.0000000000001
last2,18.0,922.4000000000002
last2,18.0,1014.4000000000001
last2,18.0,1100.0
last2,18.0,1185.6
last2,18.0,849.6000000000001
last2,18.0,770.4000000000001
last2,18.0,1271.1999999999998
last2,18.0,1356.7999999999997
last2,18.0,684.8000000000001
last2,18.0,1442.3999999999999
last2,15.0,1206.4
last2,15.0,1120.8000000000002
last2,15.0,1035.2000000000003
last2,15.0,1292.0
last2,15.0,949.6000000000001
last2,15.0,1377.6
last2,15.0,864.0000000000001
last2,15.0,949.6000000000001
last2,15.0,1463.1999999999998
last2,15.0,864.0000000000001
last2,11.0,1198.3999999999999
last2,11.0,1112.8
last2,11.0,1112.8
last2,11.0,1027.2
last2,11.0,1027.2
last2,11.0,941.6000000000001
last2,11.0,941.6000000000001
last2,11.0,1027.2
last2,11.0,856.0000000000001
last2,11.0,1112.8
last2,22.0,928.8000000000001
last2,22.0,843.2
last2,22.0,757.6
last2,22.0,1014.4000000000001
last2,22.0,507.2
last2,22.0,672.0
last2,22.0,586.4
last2,22.0,1100.0
last2,22.0,428.0
last2,22.0,513.6
last2,22.0,684.8000000000001
last2,22.0,599.2
last2,22.0,513.6
last2,22.0,770.4000000000001
last2,22.0,428.0
last2,22.0,342.4
last2,22.0,856.0000000000001
last2,22.0,256.79999999999995
last2,22.0,342.4
last2,22.0,428.0
last2,27.0,3329.5999999999976
last2,27.0,3154.399999999998
last2,27.0,3239.9999999999977
last2,27.0,3154.399999999998
last2,27.0,3068.799999999998
last2,27.0,3243.989999999998
last2,27.0,2983.199999999998
last2,27.0,2897.599999999998
last2,27.0,3068.799999999998
last2,27.0,2811.9999999999986
last2,16.0,770.4000000000001
last2,16.0,856.0000000000001
last2,16.0,684.8000000000001
last2,16.0,941.6000000000001
last2,16.0,599.2
last2,16.0,513.6
last2,16.0,1027.2
last2,16.0,428.0
last2,16.0,342.4
last2,16.0,256.79999999999995
last2,19.0,692.8000000000001
last2,19.0,607.2
last2,19.0,692.8000000000001
last2,19.0,778.4000000000001
last2,19.0,778.4000000000001
last2,19.0,864.0000000000001
last2,19.0,864.0000000000001
last2,19.0,949.6000000000001
last2,19.0,949.6000000000001
last2,19.0,1035.2
last2,20.0,692.8000000000001
last2,20.0,607.2
last2,20.0,521.5999999999999
last2,20.0,778.4000000000001
last2,20.0,607.2
last2,20.0,864.0000000000001
last2,20.0,692.8000000000001
last2,20.0,778.4000000000001
last2,20.0,949.6000000000001
last2,20.0,864.0000000000001
last2,20.0,928.8000000000001
last2,20.0,843.2
last2,20.0,757.6
last2,20.0,1014.4000000000001
last2,20.0,507.2
last2,20.0,672.0
last2,20.0,586.4
last2,20.0,1100.0
last2,20.0,428.0
last2,20.0,342.4
last2,20.0,1027.2
last2,20.0,1202.3999999999999
last2,20.0,1112.8
last2,20.0,941.6000000000001
last2,20.0,1116.8
last2,20.0,1027.2
last2,20.0,941.6000000000001
last2,20.0,856.0000000000001
last2,20.0,856.0000000000001
last2,20.0,770.4000000000001
last2,8.0,684.8000000000001
last2,8.0,770.4000000000001
last2,8.0,599.2
last2,8.0,856.0000000000001
last2,8.0,513.6
last2,8.0,428.0
last2,8.0,941.6000000000001
last2,8.0,342.4
last2,8.0,256.79999999999995
last2,8.0,342.4
last3,1.0,513.6
last3,1.0,599.2
last3,1.0,684.8000000000001
last3,1.0,428.0
last3,1.0,922.4000000000002
last3,1.0,770.4000000000001
last3,1.0,849.6000000000001
last3,1.0,342.4
last3,1.0,1014.4000000000001
last3,1.0,1100.0
last3,1.0,inf
last3,1.0,1291.9999999999998
last3,1.0,1377.5999999999997
last3,1.0,1540.3199999999995
last3,1.0,1206.3999999999999
last3,1.0,1120.8
last3,1.0,1035.2
last3,1.0,1548.7899999999997
last3,1.0,1548.7799999999997
last3,1.0,1463.1899999999996
last3,1.0,843.2
last3,1.0,757.6000000000001
last3,1.0,928.8000000000001
last3,1.0,672.0000000000001
last3,1.0,1014.4000000000001
last3,1.0,1100.0
last3,1.0,1185.6000000000001
last3,1.0,1271.2
last3,1.0,592.8000000000001
last3,1.0,1356.8
last3,1.0,1870.3999999999994
last3,1.0,1784.7999999999995
last3,1.0,1784.7999999999995
last3,1.0,1699.1999999999996
last3,1.0,1699.1999999999996
last3,1.0,1613.5999999999997
last3,1.0,1613.5999999999997
last3,1.0,1527.9999999999998
last3,1.0,1527.9999999999998
last3,1.0,1442.3999999999999
last3,1.0,428.0
last3,1.0,513.6
last3,1.0,342.4
last3,1.0,599.2
last3,1.0,256.79999999999995
last3,1.0,171.2
last3,1.0,684.8000000000001
last3,1.0,85.6
last3,1.0,171.2
last3,1.0,256.79999999999995
last3,1.0,599.2
last3,1.0,513.6
last3,1.0,684.8000000000001
last3,1.0,599.2
last3,1.0,770.4000000000001
last3,1.0,856.0000000000001
last3,1.0,941.6000000000001
last3,1.0,684.8000000000001
last3,1.0,856.0000000000001
last3,1.0,770.4000000000001
last3,5.0,1369.5999999999997
last3,5.0,1283.9999999999998
last3,5.0,1198.3999999999999
last3,5.0,1455.1999999999996
last3,5.0,1112.8
last3,5.0,1027.2
last3,5.0,1540.7999999999995
last3,5.0,1112.8
last3,5.0,1198.3999999999999
last3,5.0,1283.9999999999998
last3,5.0,770.4000000000001
last3,5.0,856.0000000000001
last3,5.0,684.8000000000001
last3,5.0,941.6000000000001
last3,5.0,1027.2
last3,5.0,770.4000000000001
last3,5.0,1112.8
last3,5.0,1271.2
last3,5.0,1192.0
last3,5.0,1356.7999999999997
last3,5.0,1271.1999999999998
last3,5.0,1185.6
last3,5.0,1356.7999999999997
last3,5.0,1100.0
last3,5.0,1442.3999999999996
last3,5.0,1527.9999999999998
last3,5.0,1014.4000000000002
last3,5.0,1613.5999999999997
last3,5.0,1699.1999999999996
last3,5.0,1784.7999999999995
last3,5.0,inf
last3,5.0,1719.9999999999993
last3,5.0,1377.5999999999997
last3,5.0,1634.3999999999994
last3,5.0,1291.9999999999998
last3,5.0,1463.1799999999996
last3,5.0,1805.5899999999992
last3,5.0,1548.7999999999995
last3,5.0,1206.3999999999999
last3,5.0,1120.8
last3,5.0,1870.3999999999994
last3,5.0,1784.7999999999993
last3,5.0,1955.9999999999993
last3,5.0,1699.1999999999994
last3,5.0,2041.5999999999992
last3,5.0,2127.1999999999994
last3,5.0,2212.7999999999993
last3,5.0,1613.5999999999995
last3,5.0,2127.1999999999994
last3,5.0,2041.5999999999992
last3,5.0,1112.8
last3,5.0,1198.3999999999999
last3,5.0,1027.2
last3,5.0,1283.9999999999998
last3,5.0,941.6000000000001
last3,5.0,1363.1999999999998
last3,5.0,856.0000000000001
last3,5.0,770.4000000000001
last3,5.0,856.0000000000001
last3,5.0,1435.9999999999998
last3,5.0,428.0
last3,5.0,342.4
last3,5.0,513.6
last3,5.0,256.79999999999995
last3,5.0,342.4
last3,5.0,599.2
last3,5.0,428.0
last3,5.0,513.6
last3,5.0,684.8000000000001
last3,5.0,599.2
last3,9.0,1027.2
last3,9.0,1112.8
last3,9.0,941.6000000000001
last3,9.0,1198.3999999999999
last3,9.0,1027.2
last3,9.0,1112.8
last3,9.0,1198.3999999999999
last3,9.0,1112.8
last3,9.0,1283.9999999999998
last3,9.0,1369.5999999999997
last3,9.0,764.0000000000001
last3,9.0,1014.4000000000002
last3,9.0,684.8000000000001
last3,9.0,928.8000000000002
last3,9.0,843.2000000000002
last3,9.0,1100.0000000000002
last3,9.0,599.2
last3,9.0,513.6
last3,9.0,1185.6000000000001
last3,9.0,428.0
last3,9.0,inf
last3,9.0,1711.5199999999993
last3,9.0,1548.7899999999997
last3,9.0,1719.9799999999996
last3,9.0,1463.1999999999998
last3,9.0,1634.3999999999996
last3,9.0,1548.7899999999997
last3,9.0,1377.6
last3,9.0,1548.7999999999997
last3,9.0,1292.0
last3,10.0,941.6000000000001
last3,10.0,1027.2
last3,10.0,856.0000000000001
last3,10.0,770.4000000000001
last3,10.0,1112.8
last3,10.0,684.8000000000001
last3,10.0,599.2
last3,10.0,1202.3999999999999
last3,10.0,513.6
last3,10.0,1116.8
last3,10.0,1870.3999999999994
last3,10.0,1955.9999999999993
last3,10.0,1784.7999999999995
last3,10.0,1870.3999999999994
last3,10.0,1699.1999999999996
last3,10.0,1784.7999999999995
last3,10.0,1613.5999999999997
last3,10.0,1699.1999999999996
last3,10.0,1527.9999999999998
last3,10.0,1442.3999999999999
last3,3.0,342.4
last3,3.0,428.0
last3,3.0,256.79999999999995
last3,3.0,513.6
last3,3.0,342.4
last3,3.0,428.0
last3,3.0,599.2
last3,3.0,513.6
last3,3.0,599.2
last3,3.0,684.8000000000001
last3,3.0,1027.2
last3,3.0,941.6000000000001
last3,3.0,1027.2
last3,3.0,1112.8
last3,3.0,856.0000000000001
last3,3.0,941.6000000000001
last3,3.0,770.4000000000001
last3,3.0,856.0000000000001
last3,3.0,856.0000000000001
last3,3.0,770.4000000000001
last3,3.0,2298.389999999999
last3,3.0,2212.789999999999
last3,3.0,2383.989999999999
last3,3.0,2127.189999999999
last3,3.0,2473.589999999999
last3,3.0,2041.5899999999992
last3,3.0,1955.9899999999993
last3,3.0,2387.999999999999
last3,3.0,1870.3899999999994
last3,3.0,1784.7899999999995
last3,3.0,513.6
last3,3.0,428.0
last3,3.0,513.6
last3,3.0,599.2
last3,3.0,599.2
last3,3.0,684.8000000000001
last3,3.0,684.8000000000001
last3,3.0,770.4000000000001
last3,3.0,856.0000000000001
last3,3.0,770.4000000000001
last3,6.0,inf
last3,6.0,1634.3999999999996
last3,6.0,1463.1999999999996
last3,6.0,1548.7999999999997
last3,6.0,1377.5999999999997
last3,6.0,1548.7799999999995
last3,6.0,1719.9999999999995
last3,6.0,1463.1999999999998
last3,6.0,1291.9999999999998
last3,6.0,1206.3999999999999
last3,6.0,1356.7999999999997
last3,6.0,1271.1999999999998
last3,6.0,1442.3999999999996
last3,6.0,1356.7999999999997
last3,6.0,1527.9999999999995
last3,6.0,1613.5999999999995
last3,6.0,1271.2
last3,6.0,1699.1999999999994
last3,6.0,1784.7999999999993
last3,6.0,1870.3999999999992
last3,6.0,941.6000000000001
last3,6.0,856.0000000000001
last3,6.0,770.4000000000001
last3,6.0,1031.2
last3,6.0,856.0000000000001
last3,6.0,941.6000000000001
last3,6.0,1027.2
last3,6.0,945.6000000000001
last3,6.0,1112.8
last3,6.0,1198.3999999999999
last3,17.0,1442.3999999999999
last3,17.0,1527.9999999999998
last3,17.0,1356.8
last3,17.0,1613.5999999999997
last3,17.0,1271.2
last3,17.0,1185.6000000000001
last3,17.0,1699.1999999999996
last3,17.0,1100.0000000000002
last3,17.0,1014.4000000000002
last3,17.0,928.8000000000002
last3,17.0,864.0000000000001
last3,17.0,778.4000000000001
last3,17.0,864.0000000000001
last3,17.0,949.6000000000001
last3,17.0,949.6000000000001
last3,17.0,1035.2000000000003
last3,17.0,1035.2
last3,17.0,1120.8
last3,17.0,1120.8000000000002
last3,17.0,1206.3999999999999
last3,17.0,949.6000000000001
last3,17.0,1035.2
last3,17.0,1120.8
last3,17.0,864.0000000000001
last3,17.0,1206.3999999999999
last3,17.0,778.4000000000001
last3,17.0,1291.9999999999998
last3,17.0,1377.59
last3,17.0,864.0000000000001
last3,17.0,1540.3199999999995
last3,17.0,513.6
last3,17.0,599.2
last3,17.0,684.8000000000001
last3,17.0,428.0
last3,17.0,770.4000000000001
last3,17.0,856.0000000000001
last3,17.0,342.4
last3,17.0,941.6000000000001
last3,17.0,1027.2
last3,17.0,256.79999999999995
last3,2.0,856.0000000000001
last3,2.0,770.4000000000001
last3,2.0,770.4000000000001
last3,2.0,684.8000000000001
last3,2.0,599.2
last3,2.0,684.8000000000001
last3,2.0,513.6
last3,2.0,599.2
last3,2.0,599.2
last3,2.0,684.8000000000001
last3,2.0,inf
last3,2.0,1625.9199999999994
last3,2.0,1463.1999999999996
last3,2.0,1377.5999999999997
last3,2.0,1291.9999999999998
last3,2.0,1463.1799999999998
last3,2.0,1634.3899999999996
last3,2.0,1548.7899999999995
last3,2.0,1377.6
last3,2.0,1463.1999999999996
last3,2.0,1112.8
last3,2.0,1027.2
last3,2.0,941.6000000000001
last3,2.0,1202.3999999999999
last3,2.0,856.0000000000001
last3,2.0,941.6000000000001
last3,2.0,1027.2
last3,2.0,1287.9999999999998
last3,2.0,1112.8
last3,2.0,1198.3999999999999
last3,2.0,2212.7999999999993
last3,2.0,2298.399999999999
last3,2.0,2127.1999999999994
last3,2.0,2212.7999999999993
last3,2.0,2041.5999999999992
last3,2.0,2127.1999999999994
last3,2.0,1955.9999999999993
last3,2.0,1870.3999999999994
last3,2.0,2041.5999999999992
last3,2.0,1784.7999999999995
last3,4.0,949.6000000000001
last3,4.0,864.0000000000001
last3,4.0,778.4000000000001
last3,4.0,1035.2
last3,4.0,692.8000000000001
last3,4.0,1120.8
last3,4.0,778.4000000000001
last3,4.0,864.0000000000001
last3,4.0,1206.3999999999999
last3,4.0,949.6000000000001
last3,7.0,1527.9999999999995
last3,7.0,1442.3999999999996
last3,7.0,1613.5999999999995
last3,7.0,1356.7999999999997
last3,7.0,1699.1999999999994
last3,7.0,1784.7999999999993
last3,7.0,1271.1999999999998
last3,7.0,1870.3999999999992
last3,7.0,1955.999999999999
last3,7.0,2041.5799999999992
last3,7.0,1699.1999999999996
last3,7.0,1613.5999999999997
last3,7.0,1784.7999999999995
last3,7.0,1527.9999999999998
last3,7.0,1870.3999999999994
last3,7.0,1442.3999999999999
last3,7.0,1356.8
last3,7.0,1784.7999999999995
last3,7.0,1271.2
last3,7.0,1185.6000000000001
last3,7.0,2212.7999999999993
last3,7.0,2127.1999999999994
last3,7.0,2298.389999999999
last3,7.0,2383.989999999999
last3,7.0,2041.5999999999992
last3,7.0,2298.399999999999
last3,7.0,2212.7999999999993
last3,7.0,1955.9999999999993
last3,7.0,2127.1999999999994
last3,7.0,2041.5999999999992
last3,7.0,843.2000000000002
last3,7.0,928.8000000000002
last3,7.0,1014.4000000000001
last3,7.0,1100.0
last3,7.0,764.0000000000001
last3,7.0,684.8000000000001
last3,7.0,1185.6
last3,7.0,1271.1999999999998
last3,7.0,599.2
last3,7.0,1356.8
last3,12.0,928.8000000000002
last3,12.0,1014.4000000000001
last3,12.0,770.4000000000001
last3,12.0,1100.0
last3,12.0,849.6000000000001
last3,12.0,684.8000000000001
last3,12.0,1185.6
last3,12.0,1271.1999999999998
last3,12.0,599.2
last3,12.0,1356.7999999999997
last3,12.0,1020.8000000000002
last3,12.0,1271.1999999999998
last3,12.0,941.6000000000001
last3,12.0,1185.6
last3,12.0,1093.6000000000001
last3,12.0,1356.7999999999997
last3,12.0,856.0000000000001
last3,12.0,770.4000000000001
last3,12.0,1442.3999999999999
last3,12.0,684.8000000000001
last3,14.0,949.6000000000001
last3,14.0,864.0000000000001
last3,14.0,949.6000000000001
last3,14.0,1035.2000000000003
last3,14.0,864.0000000000001
last3,14.0,1120.8000000000002
last3,14.0,949.6000000000001
last3,14.0,1035.2
last3,14.0,1206.4
last3,14.0,1120.8
last3,13.0,1870.3999999999992
last3,13.0,1784.7999999999993
last3,13.0,1955.9999999999993
last3,13.0,1699.1999999999994
last3,13.0,2041.5999999999992
last3,13.0,2127.1999999999994
last3,13.0,2212.7999999999993
last3,13.0,1613.5999999999995
last3,13.0,2127.1999999999994
last3,13.0,2041.5999999999992
last3,13.0,599.2
last3,13.0,684.8000000000001
last3,13.0,770.4000000000001
last3,13.0,513.6
last3,13.0,1008.0000000000002
last3,13.0,856.0000000000001
last3,13.0,935.2000000000002
last3,13.0,1100.0
last3,13.0,428.0
last3,13.0,1185.6
last3,18.0,1198.3999999999999
last3,18.0,1283.9999999999998
last3,18.0,1283.9999999999998
last3,18.0,1369.5999999999997
last3,18.0,1198.3999999999999
last3,18.0,1455.1999999999996
last3,18.0,1283.9999999999998
last3,18.0,1369.5999999999997
last3,18.0,1540.7999999999995
last3,18.0,1455.1999999999996
last3,15.0,428.0
last3,15.0,342.4
last3,15.0,342.4
last3,15.0,428.0
last3,15.0,428.0
last3,15.0,513.6
last3,15.0,599.2
last3,15.0,513.6
last3,15.0,684.8000000000001
last3,15.0,599.2
last3,11.0,1613.5999999999997
last3,11.0,1527.9999999999998
last3,11.0,1699.1999999999996
last3,11.0,1442.3999999999999
last3,11.0,1613.5999999999997
last3,11.0,1356.8
last3,11.0,1271.2
last3,11.0,1527.9999999999998
last3,11.0,1185.6000000000001
last3,11.0,1100.0000000000002
last3,22.0,1198.3999999999999
last3,22.0,1283.9999999999998
last3,22.0,1112.8
last3,22.0,1027.2
last3,22.0,1198.3999999999999
last3,22.0,941.6000000000001
last3,22.0,1112.8
last3,22.0,1027.2
last3,22.0,856.0000000000001
last3,22.0,941.6000000000001
last3,22.0,335.99999999999994
last3,22.0,256.79999999999995
last3,22.0,500.79999999999995
last3,22.0,513.6
last3,22.0,415.19999999999993
last3,22.0,586.4
last3,22.0,256.79999999999995
last3,22.0,342.4
last3,22.0,672.0
last3,22.0,428.0
last3,27.0,1883.1999999999991
last3,27.0,1797.5999999999992
last3,27.0,1711.9999999999993
last3,27.0,1968.799999999999
last3,27.0,1626.3999999999994
last3,27.0,1540.7999999999995
last3,27.0,2054.399999999999
last3,27.0,1455.1999999999996
last3,27.0,1369.5999999999997
last3,27.0,2139.999999999999
last3,16.0,513.6
last3,16.0,599.2
last3,16.0,684.8000000000001
last3,16.0,428.0
last3,16.0,770.4000000000001
last3,16.0,856.0000000000001
last3,16.0,342.4
last3,16.0,941.6000000000001
last3,16.0,1027.2
last3,16.0,256.79999999999995
last3,19.0,513.6
last3,19.0,599.2
last3,19.0,428.0
last3,19.0,678.4000000000001
last3,19.0,342.4
last3,19.0,428.0
last3,19.0,342.4
last3,19.0,428.0
last3,19.0,757.6000000000001
last3,19.0,513.6
last3,20.0,513.6
last3,20.0,592.8000000000001
last3,20.0,428.0
last3,20.0,342.4
last3,20.0,428.0
last3,20.0,672.0000000000001
last3,20.0,342.4
last3,20.0,428.0
last3,20.0,757.6
last3,20.0,513.6
last3,20.0,922.4000000000001
last3,20.0,1014.4000000000001
last3,20.0,1100.0
last3,20.0,1185.6
last3,20.0,849.6000000000001
last3,20.0,770.4000000000001
last3,20.0,1271.1999999999998
last3,20.0,1356.7999999999997
last3,20.0,684.8000000000001
last3,20.0,1442.3999999999996
last3,20.0,684.8000000000001
last3,20.0,599.2
last3,20.0,513.6
last3,20.0,770.4000000000001
last3,20.0,428.0
last3,20.0,342.4
last3,20.0,856.0000000000001
last3,20.0,428.0
last3,20.0,171.2
last3,20.0,256.79999999999995
last3,8.0,256.79999999999995
last3,8.0,342.4
last3,8.0,428.0
last3,8.0,513.6
last3,8.0,513.6
last3,8.0,599.2
last3,8.0,256.79999999999995
last3,8.0,684.8000000000001
last3,8.0,770.4000000000001
last3,8.0,342.4
mix,1.0,513.6
mix,1.0,599.2
mix,1.0,684.8000000000001
mix,1.0,428.0
mix,1.0,922.4000000000002
mix,1.0,770.4000000000001
mix,1.0,849.6000000000001
mix,1.0,342.4
mix,1.0,1014.4000000000001
mix,1.0,1100.0
mix,1.0,1527.9999999999998
mix,1.0,1442.3999999999999
mix,1.0,1356.7999999999997
mix,1.0,1613.5999999999997
mix,1.0,1271.1999999999998
mix,1.0,1185.6
mix,1.0,1699.1999999999996
mix,1.0,1020.8000000000002
mix,1.0,1093.6000000000001
mix,1.0,941.6000000000001
mix,1.0,843.2
mix,1.0,757.6000000000001
mix,1.0,928.8000000000001
mix,1.0,672.0000000000001
mix,1.0,1014.4000000000001
mix,1.0,1100.0
mix,1.0,1185.6000000000001
mix,1.0,1271.2
mix,1.0,592.8000000000001
mix,1.0,1356.8
mix,1.0,1955.9999999999993
mix,1.0,1870.3999999999994
mix,1.0,2041.5999999999992
mix,1.0,1784.7999999999995
mix,1.0,2127.189999999999
mix,1.0,1699.1999999999996
mix,1.0,1613.5999999999997
mix,1.0,2041.5899999999992
mix,1.0,1527.9999999999998
mix,1.0,1442.3999999999999
mix,1.0,1955.9999999999993
mix,1.0,1870.3999999999994
mix,1.0,1870.3999999999994
mix,1.0,1784.7999999999995
mix,1.0,1784.7999999999995
mix,1.0,1699.1999999999996
mix,1.0,1699.1999999999996
mix,1.0,1613.5999999999997
mix,1.0,1613.5999999999997
mix,1.0,1527.9999999999998
mix,1.0,513.6
mix,1.0,599.2
mix,1.0,428.0
mix,1.0,684.8000000000001
mix,1.0,342.4
mix,1.0,256.79999999999995
mix,1.0,770.4000000000001
mix,1.0,513.6
mix,1.0,256.79999999999995
mix,1.0,342.4
mix,5.0,2041.5999999999992
mix,5.0,1955.9999999999993
mix,5.0,2127.1999999999994
mix,5.0,1870.3999999999994
mix,5.0,2212.7999999999993
mix,5.0,1784.7999999999995
mix,5.0,1699.1999999999996
mix,5.0,2298.399999999999
mix,5.0,1613.5999999999997
mix,5.0,1527.9999999999998
mix,5.0,941.6000000000001
mix,5.0,1027.2
mix,5.0,856.0000000000001
mix,5.0,941.6000000000001
mix,5.0,941.6000000000001
mix,5.0,856.0000000000001
mix,5.0,856.0000000000001
mix,5.0,941.6000000000001
mix,5.0,770.4000000000001
mix,5.0,1027.2
mix,5.0,2469.589999999999
mix,5.0,2555.1899999999987
mix,5.0,2383.999999999999
mix,5.0,2298.399999999999
mix,5.0,2469.599999999999
mix,5.0,2212.7999999999993
mix,5.0,2383.999999999999
mix,5.0,2298.399999999999
mix,5.0,2127.1999999999994
mix,5.0,2212.7999999999993
mix,5.0,2127.1999999999994
mix,5.0,2041.5999999999992
mix,5.0,2212.7999999999993
mix,5.0,1955.9999999999993
mix,5.0,1870.3999999999994
mix,5.0,2298.399999999999
mix,5.0,1784.7999999999995
mix,5.0,1699.1999999999996
mix,5.0,2383.999999999999
mix,5.0,1613.5999999999997
mix,5.0,342.4
mix,5.0,256.79999999999995
mix,5.0,428.0
mix,5.0,513.6
mix,5.0,513.6
mix,5.0,256.79999999999995
mix,5.0,342.4
mix,5.0,428.0
mix,5.0,428.0
mix,5.0,513.6
mix,5.0,513.6
mix,5.0,599.2
mix,5.0,428.0
mix,5.0,684.8000000000001
mix,5.0,342.4
mix,5.0,256.79999999999995
mix,5.0,770.4000000000001
mix,5.0,342.4
mix,5.0,428.0
mix,5.0,513.6
mix,5.0,428.0
mix,5.0,342.4
mix,5.0,513.6
mix,5.0,256.79999999999995
mix,5.0,342.4
mix,5.0,599.2
mix,5.0,428.0
mix,5.0,513.6
mix,5.0,684.8000000000001
mix,5.0,599.2
mix,9.0,inf
mix,9.0,1463.1999999999996
mix,9.0,1548.7899999999997
mix,9.0,1711.5199999999993
mix,9.0,1377.5999999999997
mix,9.0,1291.9999999999998
mix,9.0,1206.3999999999999
mix,9.0,1548.7899999999997
mix,9.0,1719.9799999999996
mix,9.0,1463.1999999999998
mix,9.0,1442.3999999999999
mix,9.0,1356.8
mix,9.0,1271.2
mix,9.0,1527.9999999999998
mix,9.0,1185.6000000000001
mix,9.0,1100.0000000000002
mix,9.0,1613.5999999999997
mix,9.0,1014.4000000000002
mix,9.0,928.8000000000002
mix,9.0,849.6000000000001
mix,9.0,1356.8
mix,9.0,1442.3999999999999
mix,9.0,1271.2
mix,9.0,1527.9999999999998
mix,9.0,1185.6000000000001
mix,9.0,1100.0000000000002
mix,9.0,1014.4000000000002
mix,9.0,1607.1999999999998
mix,9.0,928.8000000000002
mix,9.0,843.2000000000002
mix,10.0,inf
mix,10.0,1625.9199999999994
mix,10.0,1634.3899999999996
mix,10.0,1634.3799999999997
mix,10.0,1548.7899999999995
mix,10.0,1548.7999999999997
mix,10.0,1463.1999999999996
mix,10.0,1463.1999999999996
mix,10.0,1463.1999999999998
mix,10.0,1377.5999999999997
mix,10.0,inf
mix,10.0,1625.9199999999994
mix,10.0,1463.1999999999996
mix,10.0,1377.5999999999997
mix,10.0,1291.9999999999998
mix,10.0,1634.3799999999997
mix,10.0,1634.3899999999996
mix,10.0,1548.7899999999995
mix,10.0,1548.7999999999997
mix,10.0,1463.1999999999996
mix,3.0,684.8000000000001
mix,3.0,770.4000000000001
mix,3.0,770.4000000000001
mix,3.0,856.0000000000001
mix,3.0,856.0000000000001
mix,3.0,941.6000000000001
mix,3.0,1027.2
mix,3.0,941.6000000000001
mix,3.0,1112.8
mix,3.0,1027.2
mix,3.0,1027.2
mix,3.0,941.6000000000001
mix,3.0,1027.2
mix,3.0,1112.8
mix,3.0,856.0000000000001
mix,3.0,941.6000000000001
mix,3.0,770.4000000000001
mix,3.0,856.0000000000001
mix,3.0,856.0000000000001
mix,3.0,770.4000000000001
mix,3.0,1784.7999999999995
mix,3.0,1699.1999999999996
mix,3.0,1870.3999999999994
mix,3.0,1613.5999999999995
mix,3.0,1955.9999999999993
mix,3.0,2041.5999999999992
mix,3.0,1955.9999999999993
mix,3.0,1527.9999999999995
mix,3.0,1870.3999999999994
mix,3.0,1784.7999999999995
mix,3.0,1442.3999999999996
mix,3.0,1356.7999999999997
mix,3.0,1527.9999999999995
mix,3.0,1271.1999999999998
mix,3.0,1613.5999999999995
mix,3.0,1699.1999999999996
mix,3.0,1179.2000000000003
mix,3.0,1784.7999999999995
mix,3.0,1870.3999999999994
mix,3.0,1955.9999999999993
mix,6.0,770.4000000000001
mix,6.0,684.8000000000001
mix,6.0,856.0000000000001
mix,6.0,941.6000000000001
mix,6.0,770.4000000000001
mix,6.0,856.0000000000001
mix,6.0,770.4000000000001
mix,6.0,856.0000000000001
mix,6.0,856.0000000000001
mix,6.0,941.6000000000001
mix,6.0,2127.1999999999994
mix,6.0,2041.5999999999992
mix,6.0,2212.7999999999993
mix,6.0,1955.9999999999993
mix,6.0,2298.399999999999
mix,6.0,1870.3999999999994
mix,6.0,1784.7999999999995
mix,6.0,2383.999999999999
mix,6.0,1699.1999999999996
mix,6.0,1613.5999999999997
mix,6.0,1027.2
mix,6.0,1112.8
mix,6.0,941.6000000000001
mix,6.0,1198.3999999999999
mix,6.0,1283.9999999999998
mix,6.0,856.0000000000001
mix,6.0,1198.3999999999999
mix,6.0,1112.8
mix,6.0,770.4000000000001
mix,6.0,1027.2
mix,17.0,1527.9999999999998
mix,17.0,1613.5999999999997
mix,17.0,1613.5999999999997
mix,17.0,1699.1999999999996
mix,17.0,1784.7999999999995
mix,17.0,1699.1999999999996
mix,17.0,1870.3999999999994
mix,17.0,1955.9999999999993
mix,17.0,1784.7999999999995
mix,17.0,2041.5999999999992
mix,17.0,1198.3999999999999
mix,17.0,1283.9999999999998
mix,17.0,1283.9999999999998
mix,17.0,1369.5999999999997
mix,17.0,1198.3999999999999
mix,17.0,1455.1999999999996
mix,17.0,1283.9999999999998
mix,17.0,1369.5999999999997
mix,17.0,1540.7999999999995
mix,17.0,1283.9999999999998
mix,17.0,1527.9999999999998
mix,17.0,1613.5999999999997
mix,17.0,1442.3999999999999
mix,17.0,1699.1999999999996
mix,17.0,1613.5999999999997
mix,17.0,1356.8
mix,17.0,1271.2
mix,17.0,1527.9999999999998
mix,17.0,1185.6000000000001
mix,17.0,1100.0000000000002
mix,17.0,513.6
mix,17.0,599.2
mix,17.0,684.8000000000001
mix,17.0,428.0
mix,17.0,770.4000000000001
mix,17.0,856.0000000000001
mix,17.0,342.4
mix,17.0,941.6000000000001
mix,17.0,1027.2
mix,17.0,256.79999999999995
mix,2.0,856.0000000000001
mix,2.0,770.4000000000001
mix,2.0,770.4000000000001
mix,2.0,684.8000000000001
mix,2.0,599.2
mix,2.0,684.8000000000001
mix,2.0,513.6
mix,2.0,599.2
mix,2.0,599.2
mix,2.0,684.8000000000001
mix,2.0,1198.3999999999999
mix,2.0,1112.8
mix,2.0,1112.8
mix,2.0,1027.2
mix,2.0,1027.2
mix,2.0,941.6000000000001
mix,2.0,856.0000000000001
mix,2.0,941.6000000000001
mix,2.0,770.4000000000001
mix,2.0,684.8000000000001
mix,2.0,1112.8
mix,2.0,1027.2
mix,2.0,941.6000000000001
mix,2.0,1202.3999999999999
mix,2.0,856.0000000000001
mix,2.0,941.6000000000001
mix,2.0,1027.2
mix,2.0,1287.9999999999998
mix,2.0,1112.8
mix,2.0,1198.3999999999999
mix,2.0,1527.9999999999998
mix,2.0,1442.3999999999999
mix,2.0,1613.5999999999997
mix,2.0,1356.8
mix,2.0,1699.1999999999996
mix,2.0,1442.3999999999999
mix,2.0,1527.9999999999998
mix,2.0,1784.7999999999995
mix,2.0,1613.5999999999997
mix,2.0,1699.1999999999996
mix,4.0,342.4
mix,4.0,428.0
mix,4.0,513.6
mix,4.0,256.79999999999995
mix,4.0,757.6000000000001
mix,4.0,599.2
mix,4.0,678.4000000000001
mix,4.0,513.6
mix,4.0,843.2
mix,4.0,928.8000000000001
mix,7.0,1870.3999999999994
mix,7.0,1784.7999999999995
mix,7.0,1955.9999999999993
mix,7.0,1699.1999999999996
mix,7.0,1613.5999999999997
mix,7.0,2041.5999999999992
mix,7.0,1699.1999999999996
mix,7.0,1613.5999999999997
mix,7.0,2127.1999999999994
mix,7.0,1699.1999999999996
mix,7.0,2212.789999999999
mix,7.0,2298.389999999999
mix,7.0,2127.189999999999
mix,7.0,2041.5899999999992
mix,7.0,2383.989999999999
mix,7.0,1955.9899999999993
mix,7.0,1870.3899999999994
mix,7.0,2473.589999999999
mix,7.0,1784.7899999999995
mix,7.0,2559.199999999999
mix,7.0,inf
mix,7.0,1719.9899999999996
mix,7.0,1882.7199999999991
mix,7.0,1634.3999999999994
mix,7.0,1548.7999999999995
mix,7.0,1463.1999999999996
mix,7.0,1719.9799999999996
mix,7.0,1719.9899999999996
mix,7.0,1634.3999999999996
mix,7.0,1634.3799999999994
mix,7.0,1291.9999999999998
mix,7.0,1377.5999999999997
mix,7.0,1463.1999999999996
mix,7.0,1206.3999999999999
mix,7.0,1548.7999999999995
mix,7.0,1120.8
mix,7.0,1634.3999999999994
mix,7.0,1719.9899999999996
mix,7.0,1035.2
mix,7.0,1882.7199999999991
mix,12.0,1699.1999999999996
mix,12.0,1784.7999999999995
mix,12.0,1613.5999999999997
mix,12.0,1527.9999999999998
mix,12.0,1442.3999999999999
mix,12.0,1699.1999999999996
mix,12.0,1613.5999999999997
mix,12.0,1356.8
mix,12.0,1527.9999999999998
mix,12.0,1442.3999999999999
mix,12.0,1784.7999999999995
mix,12.0,1699.1999999999996
mix,12.0,1613.5999999999997
mix,12.0,1870.3999999999994
mix,12.0,1527.9999999999995
mix,12.0,1442.3999999999996
mix,12.0,1955.9999999999993
mix,12.0,1356.7999999999997
mix,12.0,1264.8
mix,12.0,1192.0
mix,14.0,684.8000000000001
mix,14.0,770.4000000000001
mix,14.0,856.0000000000001
mix,14.0,599.2
mix,14.0,941.6000000000001
mix,14.0,1027.2
mix,14.0,513.6
mix,14.0,1112.8
mix,14.0,1198.3999999999999
mix,14.0,1283.9999999999998
mix,13.0,1027.2
mix,13.0,1112.8
mix,13.0,941.6000000000001
mix,13.0,1198.3999999999999
mix,13.0,1283.9999999999998
mix,13.0,856.0000000000001
mix,13.0,1369.5999999999997
mix,13.0,1527.9999999999998
mix,13.0,1448.7999999999997
mix,13.0,1613.5999999999995
mix,13.0,1112.8
mix,13.0,1192.0
mix,13.0,1027.2
mix,13.0,941.6000000000001
mix,13.0,856.0000000000001
mix,13.0,1271.2
mix,13.0,770.4000000000001
mix,13.0,684.8000000000001
mix,13.0,1356.8
mix,13.0,599.2
mix,18.0,1369.5999999999997
mix,18.0,1455.1999999999996
mix,18.0,1283.9999999999998
mix,18.0,1540.7999999999995
mix,18.0,1626.3999999999994
mix,18.0,1778.3999999999996
mix,18.0,1198.3999999999999
mix,18.0,1705.5999999999995
mix,18.0,1870.3999999999992
mix,18.0,1955.999999999999
mix,15.0,428.0
mix,15.0,342.4
mix,15.0,342.4
mix,15.0,428.0
mix,15.0,428.0
mix,15.0,513.6
mix,15.0,599.2
mix,15.0,513.6
mix,15.0,684.8000000000001
mix,15.0,599.2
mix,11.0,1613.5999999999995
mix,11.0,1527.9999999999995
mix,11.0,1277.6
mix,11.0,1442.3999999999996
mix,11.0,1699.1999999999996
mix,11.0,1198.3999999999999
mix,11.0,1350.3999999999999
mix,11.0,1784.7999999999995
mix,11.0,1112.8
mix,11.0,1027.2
mix,22.0,592.8000000000001
mix,22.0,513.6
mix,22.0,599.2
mix,22.0,672.0000000000001
mix,22.0,513.6
mix,22.0,757.6
mix,22.0,599.2
mix,22.0,843.2
mix,22.0,684.8000000000001
mix,22.0,770.4000000000001
mix,22.0,1703.1999999999994
mix,22.0,1527.9999999999995
mix,22.0,1442.3999999999996
mix,22.0,1613.5999999999995
mix,22.0,1613.5999999999995
mix,22.0,1699.1899999999996
mix,22.0,1356.7999999999997
mix,22.0,1788.7899999999995
mix,22.0,1527.9999999999995
mix,22.0,1271.1999999999998
mix,27.0,1784.7999999999993
mix,27.0,1870.3999999999992
mix,27.0,1699.1999999999994
mix,27.0,1955.999999999999
mix,27.0,1613.5999999999995
mix,27.0,1527.9999999999995
mix,27.0,2041.599999999999
mix,27.0,1442.3999999999996
mix,27.0,1356.7999999999997
mix,27.0,1271.1999999999998
mix,16.0,935.2000000000002
mix,16.0,856.0000000000001
mix,16.0,1100.0000000000002
mix,16.0,1014.4000000000002
mix,16.0,770.4000000000001
mix,16.0,1185.6000000000001
mix,16.0,684.8000000000001
mix,16.0,599.2
mix,16.0,1271.2
mix,16.0,513.6
mix,19.0,1540.7999999999995
mix,19.0,1455.1999999999996
mix,19.0,1455.1999999999996
mix,19.0,1369.5999999999997
mix,19.0,1369.5999999999997
mix,19.0,1283.9999999999998
mix,19.0,1283.9999999999998
mix,19.0,1198.3999999999999
mix,19.0,1198.3999999999999
mix,19.0,1112.8
mix,20.0,1198.3999999999999
mix,20.0,1283.9999999999998
mix,20.0,1283.9999999999998
mix,20.0,1369.5999999999997
mix,20.0,1455.1999999999996
mix,20.0,1607.1999999999996
mix,20.0,1369.5999999999997
mix,20.0,1534.3999999999996
mix,20.0,1699.1999999999994
mix,20.0,1784.7999999999993
mix,20.0,1613.5999999999995
mix,20.0,1699.1999999999994
mix,20.0,1527.9999999999995
mix,20.0,1784.7999999999993
mix,20.0,1442.3999999999996
mix,20.0,1870.3999999999992
mix,20.0,1955.999999999999
mix,20.0,1356.7999999999997
mix,20.0,2041.599999999999
mix,20.0,2127.199999999999
mix,20.0,1202.3999999999999
mix,20.0,856.0000000000001
mix,20.0,770.4000000000001
mix,20.0,941.6000000000001
mix,20.0,1112.8
mix,20.0,1027.2
mix,20.0,684.8000000000001
mix,20.0,1116.8
mix,20.0,1027.2
mix,20.0,770.4000000000001
mix,8.0,1106.4
mix,8.0,1356.8
mix,8.0,1271.2
mix,8.0,1027.2
mix,8.0,1185.6000000000001
mix,8.0,1442.3999999999999
mix,8.0,941.6000000000001
mix,8.0,1527.9999999999998
mix,8.0,856.0000000000001
mix,8.0,770.4000000000001
